9 9 3
l1i-0 l2-0 0 0
l1d-0 l2-0 0 0
l1d-0 l2prefetcher-0 0 0
l2prefetcher-0 l2-0 0 0
l3-0b0 mem-0 1 0 0 0 1
l3-0b0 mem-1 1 0 0 0 1
l3-0b0 mem-2 1 0 0 0 8
l3-0b0 mem-3 1 0 0 0 8
l3-0b0 mem-4 1 0 0 8 1
l3-0b0 mem-5 1 0 0 8 1
l3-0b0 mem-6 1 0 0 8 7
l3-0b0 mem-7 1 0 0 8 7
l3-0b0 mem-8 1 0 0 0 4
l3-0b0 mem-9 1 0 0 0 4
l3-0b0 mem-10 1 0 0 8 3
l3-0b0 mem-11 1 0 0 8 3
l2-0 l3-0b0 1 0 0 0 0
l2-0 l3-0b1 1 0 0 1 0
l2-0 l3-0b2 1 0 0 2 0
l2-0 l3-0b3 1 0 0 3 0
l2-0 l3-0b4 1 0 0 4 0
l2-0 l3-0b5 1 0 0 5 0
l2-0 l3-0b6 1 0 0 6 0
l2-0 l3-0b7 1 0 0 7 0
l2-0 l3-0b8 1 0 0 8 0
l2-0 l3-0b9 1 0 0 1 1
l2-0 l3-0b10 1 0 0 2 1
l2-0 l3-0b11 1 0 0 3 1
l2-0 l3-0b12 1 0 0 4 1
l2-0 l3-0b13 1 0 0 5 1
l2-0 l3-0b14 1 0 0 6 1
l2-0 l3-0b15 1 0 0 7 1
l2-0 l3-0b16 1 0 0 0 2
l2-0 l3-0b17 1 0 0 1 2
l2-0 l3-0b18 1 0 0 2 2
l2-0 l3-0b19 1 0 0 3 2
l2-0 l3-0b20 1 0 0 4 2
l2-0 l3-0b21 1 0 0 5 2
l2-0 l3-0b22 1 0 0 6 2
l2-0 l3-0b23 1 0 0 7 2
l2-0 l3-0b24 1 0 0 8 2
l2-0 l3-0b25 1 0 0 0 3
l2-0 l3-0b26 1 0 0 1 3
l2-0 l3-0b27 1 0 0 2 3
l2-0 l3-0b28 1 0 0 3 3
l2-0 l3-0b29 1 0 0 4 3
l2-0 l3-0b30 1 0 0 5 3
l2-0 l3-0b31 1 0 0 6 3
l2-0 l3-0b32 1 0 0 7 3
l2-0 l3-0b33 1 0 0 1 4
l2-0 l3-0b34 1 0 0 2 4
l2-0 l3-0b35 1 0 0 3 4
l2-0 l3-0b36 1 0 0 4 4
l2-0 l3-0b37 1 0 0 5 4
l2-0 l3-0b38 1 0 0 6 4
l2-0 l3-0b39 1 0 0 7 4
l2-0 l3-0b40 1 0 0 8 4
l2-0 l3-0b41 1 0 0 0 5
l2-0 l3-0b42 1 0 0 1 5
l2-0 l3-0b43 1 0 0 2 5
l2-0 l3-0b44 1 0 0 3 5
l2-0 l3-0b45 1 0 0 4 5
l2-0 l3-0b46 1 0 0 5 5
l2-0 l3-0b47 1 0 0 6 5
l2-0 l3-0b48 1 0 0 7 5
l2-0 l3-0b49 1 0 0 8 5
l2-0 l3-0b50 1 0 0 0 6
l2-0 l3-0b51 1 0 0 1 6
l2-0 l3-0b52 1 0 0 2 6
l2-0 l3-0b53 1 0 0 3 6
l2-0 l3-0b54 1 0 0 4 6
l2-0 l3-0b55 1 0 0 5 6
l2-0 l3-0b56 1 0 0 6 6
l2-0 l3-0b57 1 0 0 7 6
l2-0 l3-0b58 1 0 0 8 6
l2-0 l3-0b59 1 0 0 0 7
l2-0 l3-0b60 1 0 0 1 7
l2-0 l3-0b61 1 0 0 2 7
l2-0 l3-0b62 1 0 0 3 7
l2-0 l3-0b63 1 0 0 4 7
l1i-1 l2-1 0 0
l1d-1 l2-1 0 0
l1d-1 l2prefetcher-1 0 0
l2prefetcher-1 l2-1 0 0
l3-0b1 mem-0 1 1 0 0 1
l3-0b1 mem-1 1 1 0 0 1
l3-0b1 mem-2 1 1 0 0 8
l3-0b1 mem-3 1 1 0 0 8
l3-0b1 mem-4 1 1 0 8 1
l3-0b1 mem-5 1 1 0 8 1
l3-0b1 mem-6 1 1 0 8 7
l3-0b1 mem-7 1 1 0 8 7
l3-0b1 mem-8 1 1 0 0 4
l3-0b1 mem-9 1 1 0 0 4
l3-0b1 mem-10 1 1 0 8 3
l3-0b1 mem-11 1 1 0 8 3
l2-1 l3-0b0 1 1 0 0 0
l2-1 l3-0b1 1 1 0 1 0
l2-1 l3-0b2 1 1 0 2 0
l2-1 l3-0b3 1 1 0 3 0
l2-1 l3-0b4 1 1 0 4 0
l2-1 l3-0b5 1 1 0 5 0
l2-1 l3-0b6 1 1 0 6 0
l2-1 l3-0b7 1 1 0 7 0
l2-1 l3-0b8 1 1 0 8 0
l2-1 l3-0b9 1 1 0 1 1
l2-1 l3-0b10 1 1 0 2 1
l2-1 l3-0b11 1 1 0 3 1
l2-1 l3-0b12 1 1 0 4 1
l2-1 l3-0b13 1 1 0 5 1
l2-1 l3-0b14 1 1 0 6 1
l2-1 l3-0b15 1 1 0 7 1
l2-1 l3-0b16 1 1 0 0 2
l2-1 l3-0b17 1 1 0 1 2
l2-1 l3-0b18 1 1 0 2 2
l2-1 l3-0b19 1 1 0 3 2
l2-1 l3-0b20 1 1 0 4 2
l2-1 l3-0b21 1 1 0 5 2
l2-1 l3-0b22 1 1 0 6 2
l2-1 l3-0b23 1 1 0 7 2
l2-1 l3-0b24 1 1 0 8 2
l2-1 l3-0b25 1 1 0 0 3
l2-1 l3-0b26 1 1 0 1 3
l2-1 l3-0b27 1 1 0 2 3
l2-1 l3-0b28 1 1 0 3 3
l2-1 l3-0b29 1 1 0 4 3
l2-1 l3-0b30 1 1 0 5 3
l2-1 l3-0b31 1 1 0 6 3
l2-1 l3-0b32 1 1 0 7 3
l2-1 l3-0b33 1 1 0 1 4
l2-1 l3-0b34 1 1 0 2 4
l2-1 l3-0b35 1 1 0 3 4
l2-1 l3-0b36 1 1 0 4 4
l2-1 l3-0b37 1 1 0 5 4
l2-1 l3-0b38 1 1 0 6 4
l2-1 l3-0b39 1 1 0 7 4
l2-1 l3-0b40 1 1 0 8 4
l2-1 l3-0b41 1 1 0 0 5
l2-1 l3-0b42 1 1 0 1 5
l2-1 l3-0b43 1 1 0 2 5
l2-1 l3-0b44 1 1 0 3 5
l2-1 l3-0b45 1 1 0 4 5
l2-1 l3-0b46 1 1 0 5 5
l2-1 l3-0b47 1 1 0 6 5
l2-1 l3-0b48 1 1 0 7 5
l2-1 l3-0b49 1 1 0 8 5
l2-1 l3-0b50 1 1 0 0 6
l2-1 l3-0b51 1 1 0 1 6
l2-1 l3-0b52 1 1 0 2 6
l2-1 l3-0b53 1 1 0 3 6
l2-1 l3-0b54 1 1 0 4 6
l2-1 l3-0b55 1 1 0 5 6
l2-1 l3-0b56 1 1 0 6 6
l2-1 l3-0b57 1 1 0 7 6
l2-1 l3-0b58 1 1 0 8 6
l2-1 l3-0b59 1 1 0 0 7
l2-1 l3-0b60 1 1 0 1 7
l2-1 l3-0b61 1 1 0 2 7
l2-1 l3-0b62 1 1 0 3 7
l2-1 l3-0b63 1 1 0 4 7
l1i-2 l2-2 0 0
l1d-2 l2-2 0 0
l1d-2 l2prefetcher-2 0 0
l2prefetcher-2 l2-2 0 0
l3-0b2 mem-0 1 2 0 0 1
l3-0b2 mem-1 1 2 0 0 1
l3-0b2 mem-2 1 2 0 0 8
l3-0b2 mem-3 1 2 0 0 8
l3-0b2 mem-4 1 2 0 8 1
l3-0b2 mem-5 1 2 0 8 1
l3-0b2 mem-6 1 2 0 8 7
l3-0b2 mem-7 1 2 0 8 7
l3-0b2 mem-8 1 2 0 0 4
l3-0b2 mem-9 1 2 0 0 4
l3-0b2 mem-10 1 2 0 8 3
l3-0b2 mem-11 1 2 0 8 3
l2-2 l3-0b0 1 2 0 0 0
l2-2 l3-0b1 1 2 0 1 0
l2-2 l3-0b2 1 2 0 2 0
l2-2 l3-0b3 1 2 0 3 0
l2-2 l3-0b4 1 2 0 4 0
l2-2 l3-0b5 1 2 0 5 0
l2-2 l3-0b6 1 2 0 6 0
l2-2 l3-0b7 1 2 0 7 0
l2-2 l3-0b8 1 2 0 8 0
l2-2 l3-0b9 1 2 0 1 1
l2-2 l3-0b10 1 2 0 2 1
l2-2 l3-0b11 1 2 0 3 1
l2-2 l3-0b12 1 2 0 4 1
l2-2 l3-0b13 1 2 0 5 1
l2-2 l3-0b14 1 2 0 6 1
l2-2 l3-0b15 1 2 0 7 1
l2-2 l3-0b16 1 2 0 0 2
l2-2 l3-0b17 1 2 0 1 2
l2-2 l3-0b18 1 2 0 2 2
l2-2 l3-0b19 1 2 0 3 2
l2-2 l3-0b20 1 2 0 4 2
l2-2 l3-0b21 1 2 0 5 2
l2-2 l3-0b22 1 2 0 6 2
l2-2 l3-0b23 1 2 0 7 2
l2-2 l3-0b24 1 2 0 8 2
l2-2 l3-0b25 1 2 0 0 3
l2-2 l3-0b26 1 2 0 1 3
l2-2 l3-0b27 1 2 0 2 3
l2-2 l3-0b28 1 2 0 3 3
l2-2 l3-0b29 1 2 0 4 3
l2-2 l3-0b30 1 2 0 5 3
l2-2 l3-0b31 1 2 0 6 3
l2-2 l3-0b32 1 2 0 7 3
l2-2 l3-0b33 1 2 0 1 4
l2-2 l3-0b34 1 2 0 2 4
l2-2 l3-0b35 1 2 0 3 4
l2-2 l3-0b36 1 2 0 4 4
l2-2 l3-0b37 1 2 0 5 4
l2-2 l3-0b38 1 2 0 6 4
l2-2 l3-0b39 1 2 0 7 4
l2-2 l3-0b40 1 2 0 8 4
l2-2 l3-0b41 1 2 0 0 5
l2-2 l3-0b42 1 2 0 1 5
l2-2 l3-0b43 1 2 0 2 5
l2-2 l3-0b44 1 2 0 3 5
l2-2 l3-0b45 1 2 0 4 5
l2-2 l3-0b46 1 2 0 5 5
l2-2 l3-0b47 1 2 0 6 5
l2-2 l3-0b48 1 2 0 7 5
l2-2 l3-0b49 1 2 0 8 5
l2-2 l3-0b50 1 2 0 0 6
l2-2 l3-0b51 1 2 0 1 6
l2-2 l3-0b52 1 2 0 2 6
l2-2 l3-0b53 1 2 0 3 6
l2-2 l3-0b54 1 2 0 4 6
l2-2 l3-0b55 1 2 0 5 6
l2-2 l3-0b56 1 2 0 6 6
l2-2 l3-0b57 1 2 0 7 6
l2-2 l3-0b58 1 2 0 8 6
l2-2 l3-0b59 1 2 0 0 7
l2-2 l3-0b60 1 2 0 1 7
l2-2 l3-0b61 1 2 0 2 7
l2-2 l3-0b62 1 2 0 3 7
l2-2 l3-0b63 1 2 0 4 7
l1i-3 l2-3 0 0
l1d-3 l2-3 0 0
l1d-3 l2prefetcher-3 0 0
l2prefetcher-3 l2-3 0 0
l3-0b3 mem-0 1 3 0 0 1
l3-0b3 mem-1 1 3 0 0 1
l3-0b3 mem-2 1 3 0 0 8
l3-0b3 mem-3 1 3 0 0 8
l3-0b3 mem-4 1 3 0 8 1
l3-0b3 mem-5 1 3 0 8 1
l3-0b3 mem-6 1 3 0 8 7
l3-0b3 mem-7 1 3 0 8 7
l3-0b3 mem-8 1 3 0 0 4
l3-0b3 mem-9 1 3 0 0 4
l3-0b3 mem-10 1 3 0 8 3
l3-0b3 mem-11 1 3 0 8 3
l2-3 l3-0b0 1 3 0 0 0
l2-3 l3-0b1 1 3 0 1 0
l2-3 l3-0b2 1 3 0 2 0
l2-3 l3-0b3 1 3 0 3 0
l2-3 l3-0b4 1 3 0 4 0
l2-3 l3-0b5 1 3 0 5 0
l2-3 l3-0b6 1 3 0 6 0
l2-3 l3-0b7 1 3 0 7 0
l2-3 l3-0b8 1 3 0 8 0
l2-3 l3-0b9 1 3 0 1 1
l2-3 l3-0b10 1 3 0 2 1
l2-3 l3-0b11 1 3 0 3 1
l2-3 l3-0b12 1 3 0 4 1
l2-3 l3-0b13 1 3 0 5 1
l2-3 l3-0b14 1 3 0 6 1
l2-3 l3-0b15 1 3 0 7 1
l2-3 l3-0b16 1 3 0 0 2
l2-3 l3-0b17 1 3 0 1 2
l2-3 l3-0b18 1 3 0 2 2
l2-3 l3-0b19 1 3 0 3 2
l2-3 l3-0b20 1 3 0 4 2
l2-3 l3-0b21 1 3 0 5 2
l2-3 l3-0b22 1 3 0 6 2
l2-3 l3-0b23 1 3 0 7 2
l2-3 l3-0b24 1 3 0 8 2
l2-3 l3-0b25 1 3 0 0 3
l2-3 l3-0b26 1 3 0 1 3
l2-3 l3-0b27 1 3 0 2 3
l2-3 l3-0b28 1 3 0 3 3
l2-3 l3-0b29 1 3 0 4 3
l2-3 l3-0b30 1 3 0 5 3
l2-3 l3-0b31 1 3 0 6 3
l2-3 l3-0b32 1 3 0 7 3
l2-3 l3-0b33 1 3 0 1 4
l2-3 l3-0b34 1 3 0 2 4
l2-3 l3-0b35 1 3 0 3 4
l2-3 l3-0b36 1 3 0 4 4
l2-3 l3-0b37 1 3 0 5 4
l2-3 l3-0b38 1 3 0 6 4
l2-3 l3-0b39 1 3 0 7 4
l2-3 l3-0b40 1 3 0 8 4
l2-3 l3-0b41 1 3 0 0 5
l2-3 l3-0b42 1 3 0 1 5
l2-3 l3-0b43 1 3 0 2 5
l2-3 l3-0b44 1 3 0 3 5
l2-3 l3-0b45 1 3 0 4 5
l2-3 l3-0b46 1 3 0 5 5
l2-3 l3-0b47 1 3 0 6 5
l2-3 l3-0b48 1 3 0 7 5
l2-3 l3-0b49 1 3 0 8 5
l2-3 l3-0b50 1 3 0 0 6
l2-3 l3-0b51 1 3 0 1 6
l2-3 l3-0b52 1 3 0 2 6
l2-3 l3-0b53 1 3 0 3 6
l2-3 l3-0b54 1 3 0 4 6
l2-3 l3-0b55 1 3 0 5 6
l2-3 l3-0b56 1 3 0 6 6
l2-3 l3-0b57 1 3 0 7 6
l2-3 l3-0b58 1 3 0 8 6
l2-3 l3-0b59 1 3 0 0 7
l2-3 l3-0b60 1 3 0 1 7
l2-3 l3-0b61 1 3 0 2 7
l2-3 l3-0b62 1 3 0 3 7
l2-3 l3-0b63 1 3 0 4 7
l1i-4 l2-4 0 0
l1d-4 l2-4 0 0
l1d-4 l2prefetcher-4 0 0
l2prefetcher-4 l2-4 0 0
l3-0b4 mem-0 1 4 0 0 1
l3-0b4 mem-1 1 4 0 0 1
l3-0b4 mem-2 1 4 0 0 8
l3-0b4 mem-3 1 4 0 0 8
l3-0b4 mem-4 1 4 0 8 1
l3-0b4 mem-5 1 4 0 8 1
l3-0b4 mem-6 1 4 0 8 7
l3-0b4 mem-7 1 4 0 8 7
l3-0b4 mem-8 1 4 0 0 4
l3-0b4 mem-9 1 4 0 0 4
l3-0b4 mem-10 1 4 0 8 3
l3-0b4 mem-11 1 4 0 8 3
l2-4 l3-0b0 1 4 0 0 0
l2-4 l3-0b1 1 4 0 1 0
l2-4 l3-0b2 1 4 0 2 0
l2-4 l3-0b3 1 4 0 3 0
l2-4 l3-0b4 1 4 0 4 0
l2-4 l3-0b5 1 4 0 5 0
l2-4 l3-0b6 1 4 0 6 0
l2-4 l3-0b7 1 4 0 7 0
l2-4 l3-0b8 1 4 0 8 0
l2-4 l3-0b9 1 4 0 1 1
l2-4 l3-0b10 1 4 0 2 1
l2-4 l3-0b11 1 4 0 3 1
l2-4 l3-0b12 1 4 0 4 1
l2-4 l3-0b13 1 4 0 5 1
l2-4 l3-0b14 1 4 0 6 1
l2-4 l3-0b15 1 4 0 7 1
l2-4 l3-0b16 1 4 0 0 2
l2-4 l3-0b17 1 4 0 1 2
l2-4 l3-0b18 1 4 0 2 2
l2-4 l3-0b19 1 4 0 3 2
l2-4 l3-0b20 1 4 0 4 2
l2-4 l3-0b21 1 4 0 5 2
l2-4 l3-0b22 1 4 0 6 2
l2-4 l3-0b23 1 4 0 7 2
l2-4 l3-0b24 1 4 0 8 2
l2-4 l3-0b25 1 4 0 0 3
l2-4 l3-0b26 1 4 0 1 3
l2-4 l3-0b27 1 4 0 2 3
l2-4 l3-0b28 1 4 0 3 3
l2-4 l3-0b29 1 4 0 4 3
l2-4 l3-0b30 1 4 0 5 3
l2-4 l3-0b31 1 4 0 6 3
l2-4 l3-0b32 1 4 0 7 3
l2-4 l3-0b33 1 4 0 1 4
l2-4 l3-0b34 1 4 0 2 4
l2-4 l3-0b35 1 4 0 3 4
l2-4 l3-0b36 1 4 0 4 4
l2-4 l3-0b37 1 4 0 5 4
l2-4 l3-0b38 1 4 0 6 4
l2-4 l3-0b39 1 4 0 7 4
l2-4 l3-0b40 1 4 0 8 4
l2-4 l3-0b41 1 4 0 0 5
l2-4 l3-0b42 1 4 0 1 5
l2-4 l3-0b43 1 4 0 2 5
l2-4 l3-0b44 1 4 0 3 5
l2-4 l3-0b45 1 4 0 4 5
l2-4 l3-0b46 1 4 0 5 5
l2-4 l3-0b47 1 4 0 6 5
l2-4 l3-0b48 1 4 0 7 5
l2-4 l3-0b49 1 4 0 8 5
l2-4 l3-0b50 1 4 0 0 6
l2-4 l3-0b51 1 4 0 1 6
l2-4 l3-0b52 1 4 0 2 6
l2-4 l3-0b53 1 4 0 3 6
l2-4 l3-0b54 1 4 0 4 6
l2-4 l3-0b55 1 4 0 5 6
l2-4 l3-0b56 1 4 0 6 6
l2-4 l3-0b57 1 4 0 7 6
l2-4 l3-0b58 1 4 0 8 6
l2-4 l3-0b59 1 4 0 0 7
l2-4 l3-0b60 1 4 0 1 7
l2-4 l3-0b61 1 4 0 2 7
l2-4 l3-0b62 1 4 0 3 7
l2-4 l3-0b63 1 4 0 4 7
l1i-5 l2-5 0 0
l1d-5 l2-5 0 0
l1d-5 l2prefetcher-5 0 0
l2prefetcher-5 l2-5 0 0
l3-0b5 mem-0 1 5 0 0 1
l3-0b5 mem-1 1 5 0 0 1
l3-0b5 mem-2 1 5 0 0 8
l3-0b5 mem-3 1 5 0 0 8
l3-0b5 mem-4 1 5 0 8 1
l3-0b5 mem-5 1 5 0 8 1
l3-0b5 mem-6 1 5 0 8 7
l3-0b5 mem-7 1 5 0 8 7
l3-0b5 mem-8 1 5 0 0 4
l3-0b5 mem-9 1 5 0 0 4
l3-0b5 mem-10 1 5 0 8 3
l3-0b5 mem-11 1 5 0 8 3
l2-5 l3-0b0 1 5 0 0 0
l2-5 l3-0b1 1 5 0 1 0
l2-5 l3-0b2 1 5 0 2 0
l2-5 l3-0b3 1 5 0 3 0
l2-5 l3-0b4 1 5 0 4 0
l2-5 l3-0b5 1 5 0 5 0
l2-5 l3-0b6 1 5 0 6 0
l2-5 l3-0b7 1 5 0 7 0
l2-5 l3-0b8 1 5 0 8 0
l2-5 l3-0b9 1 5 0 1 1
l2-5 l3-0b10 1 5 0 2 1
l2-5 l3-0b11 1 5 0 3 1
l2-5 l3-0b12 1 5 0 4 1
l2-5 l3-0b13 1 5 0 5 1
l2-5 l3-0b14 1 5 0 6 1
l2-5 l3-0b15 1 5 0 7 1
l2-5 l3-0b16 1 5 0 0 2
l2-5 l3-0b17 1 5 0 1 2
l2-5 l3-0b18 1 5 0 2 2
l2-5 l3-0b19 1 5 0 3 2
l2-5 l3-0b20 1 5 0 4 2
l2-5 l3-0b21 1 5 0 5 2
l2-5 l3-0b22 1 5 0 6 2
l2-5 l3-0b23 1 5 0 7 2
l2-5 l3-0b24 1 5 0 8 2
l2-5 l3-0b25 1 5 0 0 3
l2-5 l3-0b26 1 5 0 1 3
l2-5 l3-0b27 1 5 0 2 3
l2-5 l3-0b28 1 5 0 3 3
l2-5 l3-0b29 1 5 0 4 3
l2-5 l3-0b30 1 5 0 5 3
l2-5 l3-0b31 1 5 0 6 3
l2-5 l3-0b32 1 5 0 7 3
l2-5 l3-0b33 1 5 0 1 4
l2-5 l3-0b34 1 5 0 2 4
l2-5 l3-0b35 1 5 0 3 4
l2-5 l3-0b36 1 5 0 4 4
l2-5 l3-0b37 1 5 0 5 4
l2-5 l3-0b38 1 5 0 6 4
l2-5 l3-0b39 1 5 0 7 4
l2-5 l3-0b40 1 5 0 8 4
l2-5 l3-0b41 1 5 0 0 5
l2-5 l3-0b42 1 5 0 1 5
l2-5 l3-0b43 1 5 0 2 5
l2-5 l3-0b44 1 5 0 3 5
l2-5 l3-0b45 1 5 0 4 5
l2-5 l3-0b46 1 5 0 5 5
l2-5 l3-0b47 1 5 0 6 5
l2-5 l3-0b48 1 5 0 7 5
l2-5 l3-0b49 1 5 0 8 5
l2-5 l3-0b50 1 5 0 0 6
l2-5 l3-0b51 1 5 0 1 6
l2-5 l3-0b52 1 5 0 2 6
l2-5 l3-0b53 1 5 0 3 6
l2-5 l3-0b54 1 5 0 4 6
l2-5 l3-0b55 1 5 0 5 6
l2-5 l3-0b56 1 5 0 6 6
l2-5 l3-0b57 1 5 0 7 6
l2-5 l3-0b58 1 5 0 8 6
l2-5 l3-0b59 1 5 0 0 7
l2-5 l3-0b60 1 5 0 1 7
l2-5 l3-0b61 1 5 0 2 7
l2-5 l3-0b62 1 5 0 3 7
l2-5 l3-0b63 1 5 0 4 7
l1i-6 l2-6 0 0
l1d-6 l2-6 0 0
l1d-6 l2prefetcher-6 0 0
l2prefetcher-6 l2-6 0 0
l3-0b6 mem-0 1 6 0 0 1
l3-0b6 mem-1 1 6 0 0 1
l3-0b6 mem-2 1 6 0 0 8
l3-0b6 mem-3 1 6 0 0 8
l3-0b6 mem-4 1 6 0 8 1
l3-0b6 mem-5 1 6 0 8 1
l3-0b6 mem-6 1 6 0 8 7
l3-0b6 mem-7 1 6 0 8 7
l3-0b6 mem-8 1 6 0 0 4
l3-0b6 mem-9 1 6 0 0 4
l3-0b6 mem-10 1 6 0 8 3
l3-0b6 mem-11 1 6 0 8 3
l2-6 l3-0b0 1 6 0 0 0
l2-6 l3-0b1 1 6 0 1 0
l2-6 l3-0b2 1 6 0 2 0
l2-6 l3-0b3 1 6 0 3 0
l2-6 l3-0b4 1 6 0 4 0
l2-6 l3-0b5 1 6 0 5 0
l2-6 l3-0b6 1 6 0 6 0
l2-6 l3-0b7 1 6 0 7 0
l2-6 l3-0b8 1 6 0 8 0
l2-6 l3-0b9 1 6 0 1 1
l2-6 l3-0b10 1 6 0 2 1
l2-6 l3-0b11 1 6 0 3 1
l2-6 l3-0b12 1 6 0 4 1
l2-6 l3-0b13 1 6 0 5 1
l2-6 l3-0b14 1 6 0 6 1
l2-6 l3-0b15 1 6 0 7 1
l2-6 l3-0b16 1 6 0 0 2
l2-6 l3-0b17 1 6 0 1 2
l2-6 l3-0b18 1 6 0 2 2
l2-6 l3-0b19 1 6 0 3 2
l2-6 l3-0b20 1 6 0 4 2
l2-6 l3-0b21 1 6 0 5 2
l2-6 l3-0b22 1 6 0 6 2
l2-6 l3-0b23 1 6 0 7 2
l2-6 l3-0b24 1 6 0 8 2
l2-6 l3-0b25 1 6 0 0 3
l2-6 l3-0b26 1 6 0 1 3
l2-6 l3-0b27 1 6 0 2 3
l2-6 l3-0b28 1 6 0 3 3
l2-6 l3-0b29 1 6 0 4 3
l2-6 l3-0b30 1 6 0 5 3
l2-6 l3-0b31 1 6 0 6 3
l2-6 l3-0b32 1 6 0 7 3
l2-6 l3-0b33 1 6 0 1 4
l2-6 l3-0b34 1 6 0 2 4
l2-6 l3-0b35 1 6 0 3 4
l2-6 l3-0b36 1 6 0 4 4
l2-6 l3-0b37 1 6 0 5 4
l2-6 l3-0b38 1 6 0 6 4
l2-6 l3-0b39 1 6 0 7 4
l2-6 l3-0b40 1 6 0 8 4
l2-6 l3-0b41 1 6 0 0 5
l2-6 l3-0b42 1 6 0 1 5
l2-6 l3-0b43 1 6 0 2 5
l2-6 l3-0b44 1 6 0 3 5
l2-6 l3-0b45 1 6 0 4 5
l2-6 l3-0b46 1 6 0 5 5
l2-6 l3-0b47 1 6 0 6 5
l2-6 l3-0b48 1 6 0 7 5
l2-6 l3-0b49 1 6 0 8 5
l2-6 l3-0b50 1 6 0 0 6
l2-6 l3-0b51 1 6 0 1 6
l2-6 l3-0b52 1 6 0 2 6
l2-6 l3-0b53 1 6 0 3 6
l2-6 l3-0b54 1 6 0 4 6
l2-6 l3-0b55 1 6 0 5 6
l2-6 l3-0b56 1 6 0 6 6
l2-6 l3-0b57 1 6 0 7 6
l2-6 l3-0b58 1 6 0 8 6
l2-6 l3-0b59 1 6 0 0 7
l2-6 l3-0b60 1 6 0 1 7
l2-6 l3-0b61 1 6 0 2 7
l2-6 l3-0b62 1 6 0 3 7
l2-6 l3-0b63 1 6 0 4 7
l1i-7 l2-7 0 0
l1d-7 l2-7 0 0
l1d-7 l2prefetcher-7 0 0
l2prefetcher-7 l2-7 0 0
l3-0b7 mem-0 1 7 0 0 1
l3-0b7 mem-1 1 7 0 0 1
l3-0b7 mem-2 1 7 0 0 8
l3-0b7 mem-3 1 7 0 0 8
l3-0b7 mem-4 1 7 0 8 1
l3-0b7 mem-5 1 7 0 8 1
l3-0b7 mem-6 1 7 0 8 7
l3-0b7 mem-7 1 7 0 8 7
l3-0b7 mem-8 1 7 0 0 4
l3-0b7 mem-9 1 7 0 0 4
l3-0b7 mem-10 1 7 0 8 3
l3-0b7 mem-11 1 7 0 8 3
l2-7 l3-0b0 1 7 0 0 0
l2-7 l3-0b1 1 7 0 1 0
l2-7 l3-0b2 1 7 0 2 0
l2-7 l3-0b3 1 7 0 3 0
l2-7 l3-0b4 1 7 0 4 0
l2-7 l3-0b5 1 7 0 5 0
l2-7 l3-0b6 1 7 0 6 0
l2-7 l3-0b7 1 7 0 7 0
l2-7 l3-0b8 1 7 0 8 0
l2-7 l3-0b9 1 7 0 1 1
l2-7 l3-0b10 1 7 0 2 1
l2-7 l3-0b11 1 7 0 3 1
l2-7 l3-0b12 1 7 0 4 1
l2-7 l3-0b13 1 7 0 5 1
l2-7 l3-0b14 1 7 0 6 1
l2-7 l3-0b15 1 7 0 7 1
l2-7 l3-0b16 1 7 0 0 2
l2-7 l3-0b17 1 7 0 1 2
l2-7 l3-0b18 1 7 0 2 2
l2-7 l3-0b19 1 7 0 3 2
l2-7 l3-0b20 1 7 0 4 2
l2-7 l3-0b21 1 7 0 5 2
l2-7 l3-0b22 1 7 0 6 2
l2-7 l3-0b23 1 7 0 7 2
l2-7 l3-0b24 1 7 0 8 2
l2-7 l3-0b25 1 7 0 0 3
l2-7 l3-0b26 1 7 0 1 3
l2-7 l3-0b27 1 7 0 2 3
l2-7 l3-0b28 1 7 0 3 3
l2-7 l3-0b29 1 7 0 4 3
l2-7 l3-0b30 1 7 0 5 3
l2-7 l3-0b31 1 7 0 6 3
l2-7 l3-0b32 1 7 0 7 3
l2-7 l3-0b33 1 7 0 1 4
l2-7 l3-0b34 1 7 0 2 4
l2-7 l3-0b35 1 7 0 3 4
l2-7 l3-0b36 1 7 0 4 4
l2-7 l3-0b37 1 7 0 5 4
l2-7 l3-0b38 1 7 0 6 4
l2-7 l3-0b39 1 7 0 7 4
l2-7 l3-0b40 1 7 0 8 4
l2-7 l3-0b41 1 7 0 0 5
l2-7 l3-0b42 1 7 0 1 5
l2-7 l3-0b43 1 7 0 2 5
l2-7 l3-0b44 1 7 0 3 5
l2-7 l3-0b45 1 7 0 4 5
l2-7 l3-0b46 1 7 0 5 5
l2-7 l3-0b47 1 7 0 6 5
l2-7 l3-0b48 1 7 0 7 5
l2-7 l3-0b49 1 7 0 8 5
l2-7 l3-0b50 1 7 0 0 6
l2-7 l3-0b51 1 7 0 1 6
l2-7 l3-0b52 1 7 0 2 6
l2-7 l3-0b53 1 7 0 3 6
l2-7 l3-0b54 1 7 0 4 6
l2-7 l3-0b55 1 7 0 5 6
l2-7 l3-0b56 1 7 0 6 6
l2-7 l3-0b57 1 7 0 7 6
l2-7 l3-0b58 1 7 0 8 6
l2-7 l3-0b59 1 7 0 0 7
l2-7 l3-0b60 1 7 0 1 7
l2-7 l3-0b61 1 7 0 2 7
l2-7 l3-0b62 1 7 0 3 7
l2-7 l3-0b63 1 7 0 4 7
l1i-8 l2-8 0 0
l1d-8 l2-8 0 0
l1d-8 l2prefetcher-8 0 0
l2prefetcher-8 l2-8 0 0
l3-0b8 mem-0 1 8 0 0 1
l3-0b8 mem-1 1 8 0 0 1
l3-0b8 mem-2 1 8 0 0 8
l3-0b8 mem-3 1 8 0 0 8
l3-0b8 mem-4 1 8 0 8 1
l3-0b8 mem-5 1 8 0 8 1
l3-0b8 mem-6 1 8 0 8 7
l3-0b8 mem-7 1 8 0 8 7
l3-0b8 mem-8 1 8 0 0 4
l3-0b8 mem-9 1 8 0 0 4
l3-0b8 mem-10 1 8 0 8 3
l3-0b8 mem-11 1 8 0 8 3
l2-8 l3-0b0 1 8 0 0 0
l2-8 l3-0b1 1 8 0 1 0
l2-8 l3-0b2 1 8 0 2 0
l2-8 l3-0b3 1 8 0 3 0
l2-8 l3-0b4 1 8 0 4 0
l2-8 l3-0b5 1 8 0 5 0
l2-8 l3-0b6 1 8 0 6 0
l2-8 l3-0b7 1 8 0 7 0
l2-8 l3-0b8 1 8 0 8 0
l2-8 l3-0b9 1 8 0 1 1
l2-8 l3-0b10 1 8 0 2 1
l2-8 l3-0b11 1 8 0 3 1
l2-8 l3-0b12 1 8 0 4 1
l2-8 l3-0b13 1 8 0 5 1
l2-8 l3-0b14 1 8 0 6 1
l2-8 l3-0b15 1 8 0 7 1
l2-8 l3-0b16 1 8 0 0 2
l2-8 l3-0b17 1 8 0 1 2
l2-8 l3-0b18 1 8 0 2 2
l2-8 l3-0b19 1 8 0 3 2
l2-8 l3-0b20 1 8 0 4 2
l2-8 l3-0b21 1 8 0 5 2
l2-8 l3-0b22 1 8 0 6 2
l2-8 l3-0b23 1 8 0 7 2
l2-8 l3-0b24 1 8 0 8 2
l2-8 l3-0b25 1 8 0 0 3
l2-8 l3-0b26 1 8 0 1 3
l2-8 l3-0b27 1 8 0 2 3
l2-8 l3-0b28 1 8 0 3 3
l2-8 l3-0b29 1 8 0 4 3
l2-8 l3-0b30 1 8 0 5 3
l2-8 l3-0b31 1 8 0 6 3
l2-8 l3-0b32 1 8 0 7 3
l2-8 l3-0b33 1 8 0 1 4
l2-8 l3-0b34 1 8 0 2 4
l2-8 l3-0b35 1 8 0 3 4
l2-8 l3-0b36 1 8 0 4 4
l2-8 l3-0b37 1 8 0 5 4
l2-8 l3-0b38 1 8 0 6 4
l2-8 l3-0b39 1 8 0 7 4
l2-8 l3-0b40 1 8 0 8 4
l2-8 l3-0b41 1 8 0 0 5
l2-8 l3-0b42 1 8 0 1 5
l2-8 l3-0b43 1 8 0 2 5
l2-8 l3-0b44 1 8 0 3 5
l2-8 l3-0b45 1 8 0 4 5
l2-8 l3-0b46 1 8 0 5 5
l2-8 l3-0b47 1 8 0 6 5
l2-8 l3-0b48 1 8 0 7 5
l2-8 l3-0b49 1 8 0 8 5
l2-8 l3-0b50 1 8 0 0 6
l2-8 l3-0b51 1 8 0 1 6
l2-8 l3-0b52 1 8 0 2 6
l2-8 l3-0b53 1 8 0 3 6
l2-8 l3-0b54 1 8 0 4 6
l2-8 l3-0b55 1 8 0 5 6
l2-8 l3-0b56 1 8 0 6 6
l2-8 l3-0b57 1 8 0 7 6
l2-8 l3-0b58 1 8 0 8 6
l2-8 l3-0b59 1 8 0 0 7
l2-8 l3-0b60 1 8 0 1 7
l2-8 l3-0b61 1 8 0 2 7
l2-8 l3-0b62 1 8 0 3 7
l2-8 l3-0b63 1 8 0 4 7
l1i-9 l2-9 0 0
l1d-9 l2-9 0 0
l1d-9 l2prefetcher-9 0 0
l2prefetcher-9 l2-9 0 0
l3-0b9 mem-0 1 1 1 0 1
l3-0b9 mem-1 1 1 1 0 1
l3-0b9 mem-2 1 1 1 0 8
l3-0b9 mem-3 1 1 1 0 8
l3-0b9 mem-4 1 1 1 8 1
l3-0b9 mem-5 1 1 1 8 1
l3-0b9 mem-6 1 1 1 8 7
l3-0b9 mem-7 1 1 1 8 7
l3-0b9 mem-8 1 1 1 0 4
l3-0b9 mem-9 1 1 1 0 4
l3-0b9 mem-10 1 1 1 8 3
l3-0b9 mem-11 1 1 1 8 3
l2-9 l3-0b0 1 1 1 0 0
l2-9 l3-0b1 1 1 1 1 0
l2-9 l3-0b2 1 1 1 2 0
l2-9 l3-0b3 1 1 1 3 0
l2-9 l3-0b4 1 1 1 4 0
l2-9 l3-0b5 1 1 1 5 0
l2-9 l3-0b6 1 1 1 6 0
l2-9 l3-0b7 1 1 1 7 0
l2-9 l3-0b8 1 1 1 8 0
l2-9 l3-0b9 1 1 1 1 1
l2-9 l3-0b10 1 1 1 2 1
l2-9 l3-0b11 1 1 1 3 1
l2-9 l3-0b12 1 1 1 4 1
l2-9 l3-0b13 1 1 1 5 1
l2-9 l3-0b14 1 1 1 6 1
l2-9 l3-0b15 1 1 1 7 1
l2-9 l3-0b16 1 1 1 0 2
l2-9 l3-0b17 1 1 1 1 2
l2-9 l3-0b18 1 1 1 2 2
l2-9 l3-0b19 1 1 1 3 2
l2-9 l3-0b20 1 1 1 4 2
l2-9 l3-0b21 1 1 1 5 2
l2-9 l3-0b22 1 1 1 6 2
l2-9 l3-0b23 1 1 1 7 2
l2-9 l3-0b24 1 1 1 8 2
l2-9 l3-0b25 1 1 1 0 3
l2-9 l3-0b26 1 1 1 1 3
l2-9 l3-0b27 1 1 1 2 3
l2-9 l3-0b28 1 1 1 3 3
l2-9 l3-0b29 1 1 1 4 3
l2-9 l3-0b30 1 1 1 5 3
l2-9 l3-0b31 1 1 1 6 3
l2-9 l3-0b32 1 1 1 7 3
l2-9 l3-0b33 1 1 1 1 4
l2-9 l3-0b34 1 1 1 2 4
l2-9 l3-0b35 1 1 1 3 4
l2-9 l3-0b36 1 1 1 4 4
l2-9 l3-0b37 1 1 1 5 4
l2-9 l3-0b38 1 1 1 6 4
l2-9 l3-0b39 1 1 1 7 4
l2-9 l3-0b40 1 1 1 8 4
l2-9 l3-0b41 1 1 1 0 5
l2-9 l3-0b42 1 1 1 1 5
l2-9 l3-0b43 1 1 1 2 5
l2-9 l3-0b44 1 1 1 3 5
l2-9 l3-0b45 1 1 1 4 5
l2-9 l3-0b46 1 1 1 5 5
l2-9 l3-0b47 1 1 1 6 5
l2-9 l3-0b48 1 1 1 7 5
l2-9 l3-0b49 1 1 1 8 5
l2-9 l3-0b50 1 1 1 0 6
l2-9 l3-0b51 1 1 1 1 6
l2-9 l3-0b52 1 1 1 2 6
l2-9 l3-0b53 1 1 1 3 6
l2-9 l3-0b54 1 1 1 4 6
l2-9 l3-0b55 1 1 1 5 6
l2-9 l3-0b56 1 1 1 6 6
l2-9 l3-0b57 1 1 1 7 6
l2-9 l3-0b58 1 1 1 8 6
l2-9 l3-0b59 1 1 1 0 7
l2-9 l3-0b60 1 1 1 1 7
l2-9 l3-0b61 1 1 1 2 7
l2-9 l3-0b62 1 1 1 3 7
l2-9 l3-0b63 1 1 1 4 7
l1i-10 l2-10 0 0
l1d-10 l2-10 0 0
l1d-10 l2prefetcher-10 0 0
l2prefetcher-10 l2-10 0 0
l3-0b10 mem-0 1 2 1 0 1
l3-0b10 mem-1 1 2 1 0 1
l3-0b10 mem-2 1 2 1 0 8
l3-0b10 mem-3 1 2 1 0 8
l3-0b10 mem-4 1 2 1 8 1
l3-0b10 mem-5 1 2 1 8 1
l3-0b10 mem-6 1 2 1 8 7
l3-0b10 mem-7 1 2 1 8 7
l3-0b10 mem-8 1 2 1 0 4
l3-0b10 mem-9 1 2 1 0 4
l3-0b10 mem-10 1 2 1 8 3
l3-0b10 mem-11 1 2 1 8 3
l2-10 l3-0b0 1 2 1 0 0
l2-10 l3-0b1 1 2 1 1 0
l2-10 l3-0b2 1 2 1 2 0
l2-10 l3-0b3 1 2 1 3 0
l2-10 l3-0b4 1 2 1 4 0
l2-10 l3-0b5 1 2 1 5 0
l2-10 l3-0b6 1 2 1 6 0
l2-10 l3-0b7 1 2 1 7 0
l2-10 l3-0b8 1 2 1 8 0
l2-10 l3-0b9 1 2 1 1 1
l2-10 l3-0b10 1 2 1 2 1
l2-10 l3-0b11 1 2 1 3 1
l2-10 l3-0b12 1 2 1 4 1
l2-10 l3-0b13 1 2 1 5 1
l2-10 l3-0b14 1 2 1 6 1
l2-10 l3-0b15 1 2 1 7 1
l2-10 l3-0b16 1 2 1 0 2
l2-10 l3-0b17 1 2 1 1 2
l2-10 l3-0b18 1 2 1 2 2
l2-10 l3-0b19 1 2 1 3 2
l2-10 l3-0b20 1 2 1 4 2
l2-10 l3-0b21 1 2 1 5 2
l2-10 l3-0b22 1 2 1 6 2
l2-10 l3-0b23 1 2 1 7 2
l2-10 l3-0b24 1 2 1 8 2
l2-10 l3-0b25 1 2 1 0 3
l2-10 l3-0b26 1 2 1 1 3
l2-10 l3-0b27 1 2 1 2 3
l2-10 l3-0b28 1 2 1 3 3
l2-10 l3-0b29 1 2 1 4 3
l2-10 l3-0b30 1 2 1 5 3
l2-10 l3-0b31 1 2 1 6 3
l2-10 l3-0b32 1 2 1 7 3
l2-10 l3-0b33 1 2 1 1 4
l2-10 l3-0b34 1 2 1 2 4
l2-10 l3-0b35 1 2 1 3 4
l2-10 l3-0b36 1 2 1 4 4
l2-10 l3-0b37 1 2 1 5 4
l2-10 l3-0b38 1 2 1 6 4
l2-10 l3-0b39 1 2 1 7 4
l2-10 l3-0b40 1 2 1 8 4
l2-10 l3-0b41 1 2 1 0 5
l2-10 l3-0b42 1 2 1 1 5
l2-10 l3-0b43 1 2 1 2 5
l2-10 l3-0b44 1 2 1 3 5
l2-10 l3-0b45 1 2 1 4 5
l2-10 l3-0b46 1 2 1 5 5
l2-10 l3-0b47 1 2 1 6 5
l2-10 l3-0b48 1 2 1 7 5
l2-10 l3-0b49 1 2 1 8 5
l2-10 l3-0b50 1 2 1 0 6
l2-10 l3-0b51 1 2 1 1 6
l2-10 l3-0b52 1 2 1 2 6
l2-10 l3-0b53 1 2 1 3 6
l2-10 l3-0b54 1 2 1 4 6
l2-10 l3-0b55 1 2 1 5 6
l2-10 l3-0b56 1 2 1 6 6
l2-10 l3-0b57 1 2 1 7 6
l2-10 l3-0b58 1 2 1 8 6
l2-10 l3-0b59 1 2 1 0 7
l2-10 l3-0b60 1 2 1 1 7
l2-10 l3-0b61 1 2 1 2 7
l2-10 l3-0b62 1 2 1 3 7
l2-10 l3-0b63 1 2 1 4 7
l1i-11 l2-11 0 0
l1d-11 l2-11 0 0
l1d-11 l2prefetcher-11 0 0
l2prefetcher-11 l2-11 0 0
l3-0b11 mem-0 1 3 1 0 1
l3-0b11 mem-1 1 3 1 0 1
l3-0b11 mem-2 1 3 1 0 8
l3-0b11 mem-3 1 3 1 0 8
l3-0b11 mem-4 1 3 1 8 1
l3-0b11 mem-5 1 3 1 8 1
l3-0b11 mem-6 1 3 1 8 7
l3-0b11 mem-7 1 3 1 8 7
l3-0b11 mem-8 1 3 1 0 4
l3-0b11 mem-9 1 3 1 0 4
l3-0b11 mem-10 1 3 1 8 3
l3-0b11 mem-11 1 3 1 8 3
l2-11 l3-0b0 1 3 1 0 0
l2-11 l3-0b1 1 3 1 1 0
l2-11 l3-0b2 1 3 1 2 0
l2-11 l3-0b3 1 3 1 3 0
l2-11 l3-0b4 1 3 1 4 0
l2-11 l3-0b5 1 3 1 5 0
l2-11 l3-0b6 1 3 1 6 0
l2-11 l3-0b7 1 3 1 7 0
l2-11 l3-0b8 1 3 1 8 0
l2-11 l3-0b9 1 3 1 1 1
l2-11 l3-0b10 1 3 1 2 1
l2-11 l3-0b11 1 3 1 3 1
l2-11 l3-0b12 1 3 1 4 1
l2-11 l3-0b13 1 3 1 5 1
l2-11 l3-0b14 1 3 1 6 1
l2-11 l3-0b15 1 3 1 7 1
l2-11 l3-0b16 1 3 1 0 2
l2-11 l3-0b17 1 3 1 1 2
l2-11 l3-0b18 1 3 1 2 2
l2-11 l3-0b19 1 3 1 3 2
l2-11 l3-0b20 1 3 1 4 2
l2-11 l3-0b21 1 3 1 5 2
l2-11 l3-0b22 1 3 1 6 2
l2-11 l3-0b23 1 3 1 7 2
l2-11 l3-0b24 1 3 1 8 2
l2-11 l3-0b25 1 3 1 0 3
l2-11 l3-0b26 1 3 1 1 3
l2-11 l3-0b27 1 3 1 2 3
l2-11 l3-0b28 1 3 1 3 3
l2-11 l3-0b29 1 3 1 4 3
l2-11 l3-0b30 1 3 1 5 3
l2-11 l3-0b31 1 3 1 6 3
l2-11 l3-0b32 1 3 1 7 3
l2-11 l3-0b33 1 3 1 1 4
l2-11 l3-0b34 1 3 1 2 4
l2-11 l3-0b35 1 3 1 3 4
l2-11 l3-0b36 1 3 1 4 4
l2-11 l3-0b37 1 3 1 5 4
l2-11 l3-0b38 1 3 1 6 4
l2-11 l3-0b39 1 3 1 7 4
l2-11 l3-0b40 1 3 1 8 4
l2-11 l3-0b41 1 3 1 0 5
l2-11 l3-0b42 1 3 1 1 5
l2-11 l3-0b43 1 3 1 2 5
l2-11 l3-0b44 1 3 1 3 5
l2-11 l3-0b45 1 3 1 4 5
l2-11 l3-0b46 1 3 1 5 5
l2-11 l3-0b47 1 3 1 6 5
l2-11 l3-0b48 1 3 1 7 5
l2-11 l3-0b49 1 3 1 8 5
l2-11 l3-0b50 1 3 1 0 6
l2-11 l3-0b51 1 3 1 1 6
l2-11 l3-0b52 1 3 1 2 6
l2-11 l3-0b53 1 3 1 3 6
l2-11 l3-0b54 1 3 1 4 6
l2-11 l3-0b55 1 3 1 5 6
l2-11 l3-0b56 1 3 1 6 6
l2-11 l3-0b57 1 3 1 7 6
l2-11 l3-0b58 1 3 1 8 6
l2-11 l3-0b59 1 3 1 0 7
l2-11 l3-0b60 1 3 1 1 7
l2-11 l3-0b61 1 3 1 2 7
l2-11 l3-0b62 1 3 1 3 7
l2-11 l3-0b63 1 3 1 4 7
l1i-12 l2-12 0 0
l1d-12 l2-12 0 0
l1d-12 l2prefetcher-12 0 0
l2prefetcher-12 l2-12 0 0
l3-0b12 mem-0 1 4 1 0 1
l3-0b12 mem-1 1 4 1 0 1
l3-0b12 mem-2 1 4 1 0 8
l3-0b12 mem-3 1 4 1 0 8
l3-0b12 mem-4 1 4 1 8 1
l3-0b12 mem-5 1 4 1 8 1
l3-0b12 mem-6 1 4 1 8 7
l3-0b12 mem-7 1 4 1 8 7
l3-0b12 mem-8 1 4 1 0 4
l3-0b12 mem-9 1 4 1 0 4
l3-0b12 mem-10 1 4 1 8 3
l3-0b12 mem-11 1 4 1 8 3
l2-12 l3-0b0 1 4 1 0 0
l2-12 l3-0b1 1 4 1 1 0
l2-12 l3-0b2 1 4 1 2 0
l2-12 l3-0b3 1 4 1 3 0
l2-12 l3-0b4 1 4 1 4 0
l2-12 l3-0b5 1 4 1 5 0
l2-12 l3-0b6 1 4 1 6 0
l2-12 l3-0b7 1 4 1 7 0
l2-12 l3-0b8 1 4 1 8 0
l2-12 l3-0b9 1 4 1 1 1
l2-12 l3-0b10 1 4 1 2 1
l2-12 l3-0b11 1 4 1 3 1
l2-12 l3-0b12 1 4 1 4 1
l2-12 l3-0b13 1 4 1 5 1
l2-12 l3-0b14 1 4 1 6 1
l2-12 l3-0b15 1 4 1 7 1
l2-12 l3-0b16 1 4 1 0 2
l2-12 l3-0b17 1 4 1 1 2
l2-12 l3-0b18 1 4 1 2 2
l2-12 l3-0b19 1 4 1 3 2
l2-12 l3-0b20 1 4 1 4 2
l2-12 l3-0b21 1 4 1 5 2
l2-12 l3-0b22 1 4 1 6 2
l2-12 l3-0b23 1 4 1 7 2
l2-12 l3-0b24 1 4 1 8 2
l2-12 l3-0b25 1 4 1 0 3
l2-12 l3-0b26 1 4 1 1 3
l2-12 l3-0b27 1 4 1 2 3
l2-12 l3-0b28 1 4 1 3 3
l2-12 l3-0b29 1 4 1 4 3
l2-12 l3-0b30 1 4 1 5 3
l2-12 l3-0b31 1 4 1 6 3
l2-12 l3-0b32 1 4 1 7 3
l2-12 l3-0b33 1 4 1 1 4
l2-12 l3-0b34 1 4 1 2 4
l2-12 l3-0b35 1 4 1 3 4
l2-12 l3-0b36 1 4 1 4 4
l2-12 l3-0b37 1 4 1 5 4
l2-12 l3-0b38 1 4 1 6 4
l2-12 l3-0b39 1 4 1 7 4
l2-12 l3-0b40 1 4 1 8 4
l2-12 l3-0b41 1 4 1 0 5
l2-12 l3-0b42 1 4 1 1 5
l2-12 l3-0b43 1 4 1 2 5
l2-12 l3-0b44 1 4 1 3 5
l2-12 l3-0b45 1 4 1 4 5
l2-12 l3-0b46 1 4 1 5 5
l2-12 l3-0b47 1 4 1 6 5
l2-12 l3-0b48 1 4 1 7 5
l2-12 l3-0b49 1 4 1 8 5
l2-12 l3-0b50 1 4 1 0 6
l2-12 l3-0b51 1 4 1 1 6
l2-12 l3-0b52 1 4 1 2 6
l2-12 l3-0b53 1 4 1 3 6
l2-12 l3-0b54 1 4 1 4 6
l2-12 l3-0b55 1 4 1 5 6
l2-12 l3-0b56 1 4 1 6 6
l2-12 l3-0b57 1 4 1 7 6
l2-12 l3-0b58 1 4 1 8 6
l2-12 l3-0b59 1 4 1 0 7
l2-12 l3-0b60 1 4 1 1 7
l2-12 l3-0b61 1 4 1 2 7
l2-12 l3-0b62 1 4 1 3 7
l2-12 l3-0b63 1 4 1 4 7
l1i-13 l2-13 0 0
l1d-13 l2-13 0 0
l1d-13 l2prefetcher-13 0 0
l2prefetcher-13 l2-13 0 0
l3-0b13 mem-0 1 5 1 0 1
l3-0b13 mem-1 1 5 1 0 1
l3-0b13 mem-2 1 5 1 0 8
l3-0b13 mem-3 1 5 1 0 8
l3-0b13 mem-4 1 5 1 8 1
l3-0b13 mem-5 1 5 1 8 1
l3-0b13 mem-6 1 5 1 8 7
l3-0b13 mem-7 1 5 1 8 7
l3-0b13 mem-8 1 5 1 0 4
l3-0b13 mem-9 1 5 1 0 4
l3-0b13 mem-10 1 5 1 8 3
l3-0b13 mem-11 1 5 1 8 3
l2-13 l3-0b0 1 5 1 0 0
l2-13 l3-0b1 1 5 1 1 0
l2-13 l3-0b2 1 5 1 2 0
l2-13 l3-0b3 1 5 1 3 0
l2-13 l3-0b4 1 5 1 4 0
l2-13 l3-0b5 1 5 1 5 0
l2-13 l3-0b6 1 5 1 6 0
l2-13 l3-0b7 1 5 1 7 0
l2-13 l3-0b8 1 5 1 8 0
l2-13 l3-0b9 1 5 1 1 1
l2-13 l3-0b10 1 5 1 2 1
l2-13 l3-0b11 1 5 1 3 1
l2-13 l3-0b12 1 5 1 4 1
l2-13 l3-0b13 1 5 1 5 1
l2-13 l3-0b14 1 5 1 6 1
l2-13 l3-0b15 1 5 1 7 1
l2-13 l3-0b16 1 5 1 0 2
l2-13 l3-0b17 1 5 1 1 2
l2-13 l3-0b18 1 5 1 2 2
l2-13 l3-0b19 1 5 1 3 2
l2-13 l3-0b20 1 5 1 4 2
l2-13 l3-0b21 1 5 1 5 2
l2-13 l3-0b22 1 5 1 6 2
l2-13 l3-0b23 1 5 1 7 2
l2-13 l3-0b24 1 5 1 8 2
l2-13 l3-0b25 1 5 1 0 3
l2-13 l3-0b26 1 5 1 1 3
l2-13 l3-0b27 1 5 1 2 3
l2-13 l3-0b28 1 5 1 3 3
l2-13 l3-0b29 1 5 1 4 3
l2-13 l3-0b30 1 5 1 5 3
l2-13 l3-0b31 1 5 1 6 3
l2-13 l3-0b32 1 5 1 7 3
l2-13 l3-0b33 1 5 1 1 4
l2-13 l3-0b34 1 5 1 2 4
l2-13 l3-0b35 1 5 1 3 4
l2-13 l3-0b36 1 5 1 4 4
l2-13 l3-0b37 1 5 1 5 4
l2-13 l3-0b38 1 5 1 6 4
l2-13 l3-0b39 1 5 1 7 4
l2-13 l3-0b40 1 5 1 8 4
l2-13 l3-0b41 1 5 1 0 5
l2-13 l3-0b42 1 5 1 1 5
l2-13 l3-0b43 1 5 1 2 5
l2-13 l3-0b44 1 5 1 3 5
l2-13 l3-0b45 1 5 1 4 5
l2-13 l3-0b46 1 5 1 5 5
l2-13 l3-0b47 1 5 1 6 5
l2-13 l3-0b48 1 5 1 7 5
l2-13 l3-0b49 1 5 1 8 5
l2-13 l3-0b50 1 5 1 0 6
l2-13 l3-0b51 1 5 1 1 6
l2-13 l3-0b52 1 5 1 2 6
l2-13 l3-0b53 1 5 1 3 6
l2-13 l3-0b54 1 5 1 4 6
l2-13 l3-0b55 1 5 1 5 6
l2-13 l3-0b56 1 5 1 6 6
l2-13 l3-0b57 1 5 1 7 6
l2-13 l3-0b58 1 5 1 8 6
l2-13 l3-0b59 1 5 1 0 7
l2-13 l3-0b60 1 5 1 1 7
l2-13 l3-0b61 1 5 1 2 7
l2-13 l3-0b62 1 5 1 3 7
l2-13 l3-0b63 1 5 1 4 7
l1i-14 l2-14 0 0
l1d-14 l2-14 0 0
l1d-14 l2prefetcher-14 0 0
l2prefetcher-14 l2-14 0 0
l3-0b14 mem-0 1 6 1 0 1
l3-0b14 mem-1 1 6 1 0 1
l3-0b14 mem-2 1 6 1 0 8
l3-0b14 mem-3 1 6 1 0 8
l3-0b14 mem-4 1 6 1 8 1
l3-0b14 mem-5 1 6 1 8 1
l3-0b14 mem-6 1 6 1 8 7
l3-0b14 mem-7 1 6 1 8 7
l3-0b14 mem-8 1 6 1 0 4
l3-0b14 mem-9 1 6 1 0 4
l3-0b14 mem-10 1 6 1 8 3
l3-0b14 mem-11 1 6 1 8 3
l2-14 l3-0b0 1 6 1 0 0
l2-14 l3-0b1 1 6 1 1 0
l2-14 l3-0b2 1 6 1 2 0
l2-14 l3-0b3 1 6 1 3 0
l2-14 l3-0b4 1 6 1 4 0
l2-14 l3-0b5 1 6 1 5 0
l2-14 l3-0b6 1 6 1 6 0
l2-14 l3-0b7 1 6 1 7 0
l2-14 l3-0b8 1 6 1 8 0
l2-14 l3-0b9 1 6 1 1 1
l2-14 l3-0b10 1 6 1 2 1
l2-14 l3-0b11 1 6 1 3 1
l2-14 l3-0b12 1 6 1 4 1
l2-14 l3-0b13 1 6 1 5 1
l2-14 l3-0b14 1 6 1 6 1
l2-14 l3-0b15 1 6 1 7 1
l2-14 l3-0b16 1 6 1 0 2
l2-14 l3-0b17 1 6 1 1 2
l2-14 l3-0b18 1 6 1 2 2
l2-14 l3-0b19 1 6 1 3 2
l2-14 l3-0b20 1 6 1 4 2
l2-14 l3-0b21 1 6 1 5 2
l2-14 l3-0b22 1 6 1 6 2
l2-14 l3-0b23 1 6 1 7 2
l2-14 l3-0b24 1 6 1 8 2
l2-14 l3-0b25 1 6 1 0 3
l2-14 l3-0b26 1 6 1 1 3
l2-14 l3-0b27 1 6 1 2 3
l2-14 l3-0b28 1 6 1 3 3
l2-14 l3-0b29 1 6 1 4 3
l2-14 l3-0b30 1 6 1 5 3
l2-14 l3-0b31 1 6 1 6 3
l2-14 l3-0b32 1 6 1 7 3
l2-14 l3-0b33 1 6 1 1 4
l2-14 l3-0b34 1 6 1 2 4
l2-14 l3-0b35 1 6 1 3 4
l2-14 l3-0b36 1 6 1 4 4
l2-14 l3-0b37 1 6 1 5 4
l2-14 l3-0b38 1 6 1 6 4
l2-14 l3-0b39 1 6 1 7 4
l2-14 l3-0b40 1 6 1 8 4
l2-14 l3-0b41 1 6 1 0 5
l2-14 l3-0b42 1 6 1 1 5
l2-14 l3-0b43 1 6 1 2 5
l2-14 l3-0b44 1 6 1 3 5
l2-14 l3-0b45 1 6 1 4 5
l2-14 l3-0b46 1 6 1 5 5
l2-14 l3-0b47 1 6 1 6 5
l2-14 l3-0b48 1 6 1 7 5
l2-14 l3-0b49 1 6 1 8 5
l2-14 l3-0b50 1 6 1 0 6
l2-14 l3-0b51 1 6 1 1 6
l2-14 l3-0b52 1 6 1 2 6
l2-14 l3-0b53 1 6 1 3 6
l2-14 l3-0b54 1 6 1 4 6
l2-14 l3-0b55 1 6 1 5 6
l2-14 l3-0b56 1 6 1 6 6
l2-14 l3-0b57 1 6 1 7 6
l2-14 l3-0b58 1 6 1 8 6
l2-14 l3-0b59 1 6 1 0 7
l2-14 l3-0b60 1 6 1 1 7
l2-14 l3-0b61 1 6 1 2 7
l2-14 l3-0b62 1 6 1 3 7
l2-14 l3-0b63 1 6 1 4 7
l1i-15 l2-15 0 0
l1d-15 l2-15 0 0
l1d-15 l2prefetcher-15 0 0
l2prefetcher-15 l2-15 0 0
l3-0b15 mem-0 1 7 1 0 1
l3-0b15 mem-1 1 7 1 0 1
l3-0b15 mem-2 1 7 1 0 8
l3-0b15 mem-3 1 7 1 0 8
l3-0b15 mem-4 1 7 1 8 1
l3-0b15 mem-5 1 7 1 8 1
l3-0b15 mem-6 1 7 1 8 7
l3-0b15 mem-7 1 7 1 8 7
l3-0b15 mem-8 1 7 1 0 4
l3-0b15 mem-9 1 7 1 0 4
l3-0b15 mem-10 1 7 1 8 3
l3-0b15 mem-11 1 7 1 8 3
l2-15 l3-0b0 1 7 1 0 0
l2-15 l3-0b1 1 7 1 1 0
l2-15 l3-0b2 1 7 1 2 0
l2-15 l3-0b3 1 7 1 3 0
l2-15 l3-0b4 1 7 1 4 0
l2-15 l3-0b5 1 7 1 5 0
l2-15 l3-0b6 1 7 1 6 0
l2-15 l3-0b7 1 7 1 7 0
l2-15 l3-0b8 1 7 1 8 0
l2-15 l3-0b9 1 7 1 1 1
l2-15 l3-0b10 1 7 1 2 1
l2-15 l3-0b11 1 7 1 3 1
l2-15 l3-0b12 1 7 1 4 1
l2-15 l3-0b13 1 7 1 5 1
l2-15 l3-0b14 1 7 1 6 1
l2-15 l3-0b15 1 7 1 7 1
l2-15 l3-0b16 1 7 1 0 2
l2-15 l3-0b17 1 7 1 1 2
l2-15 l3-0b18 1 7 1 2 2
l2-15 l3-0b19 1 7 1 3 2
l2-15 l3-0b20 1 7 1 4 2
l2-15 l3-0b21 1 7 1 5 2
l2-15 l3-0b22 1 7 1 6 2
l2-15 l3-0b23 1 7 1 7 2
l2-15 l3-0b24 1 7 1 8 2
l2-15 l3-0b25 1 7 1 0 3
l2-15 l3-0b26 1 7 1 1 3
l2-15 l3-0b27 1 7 1 2 3
l2-15 l3-0b28 1 7 1 3 3
l2-15 l3-0b29 1 7 1 4 3
l2-15 l3-0b30 1 7 1 5 3
l2-15 l3-0b31 1 7 1 6 3
l2-15 l3-0b32 1 7 1 7 3
l2-15 l3-0b33 1 7 1 1 4
l2-15 l3-0b34 1 7 1 2 4
l2-15 l3-0b35 1 7 1 3 4
l2-15 l3-0b36 1 7 1 4 4
l2-15 l3-0b37 1 7 1 5 4
l2-15 l3-0b38 1 7 1 6 4
l2-15 l3-0b39 1 7 1 7 4
l2-15 l3-0b40 1 7 1 8 4
l2-15 l3-0b41 1 7 1 0 5
l2-15 l3-0b42 1 7 1 1 5
l2-15 l3-0b43 1 7 1 2 5
l2-15 l3-0b44 1 7 1 3 5
l2-15 l3-0b45 1 7 1 4 5
l2-15 l3-0b46 1 7 1 5 5
l2-15 l3-0b47 1 7 1 6 5
l2-15 l3-0b48 1 7 1 7 5
l2-15 l3-0b49 1 7 1 8 5
l2-15 l3-0b50 1 7 1 0 6
l2-15 l3-0b51 1 7 1 1 6
l2-15 l3-0b52 1 7 1 2 6
l2-15 l3-0b53 1 7 1 3 6
l2-15 l3-0b54 1 7 1 4 6
l2-15 l3-0b55 1 7 1 5 6
l2-15 l3-0b56 1 7 1 6 6
l2-15 l3-0b57 1 7 1 7 6
l2-15 l3-0b58 1 7 1 8 6
l2-15 l3-0b59 1 7 1 0 7
l2-15 l3-0b60 1 7 1 1 7
l2-15 l3-0b61 1 7 1 2 7
l2-15 l3-0b62 1 7 1 3 7
l2-15 l3-0b63 1 7 1 4 7
l1i-16 l2-16 0 0
l1d-16 l2-16 0 0
l1d-16 l2prefetcher-16 0 0
l2prefetcher-16 l2-16 0 0
l3-0b16 mem-0 1 0 2 0 1
l3-0b16 mem-1 1 0 2 0 1
l3-0b16 mem-2 1 0 2 0 8
l3-0b16 mem-3 1 0 2 0 8
l3-0b16 mem-4 1 0 2 8 1
l3-0b16 mem-5 1 0 2 8 1
l3-0b16 mem-6 1 0 2 8 7
l3-0b16 mem-7 1 0 2 8 7
l3-0b16 mem-8 1 0 2 0 4
l3-0b16 mem-9 1 0 2 0 4
l3-0b16 mem-10 1 0 2 8 3
l3-0b16 mem-11 1 0 2 8 3
l2-16 l3-0b0 1 0 2 0 0
l2-16 l3-0b1 1 0 2 1 0
l2-16 l3-0b2 1 0 2 2 0
l2-16 l3-0b3 1 0 2 3 0
l2-16 l3-0b4 1 0 2 4 0
l2-16 l3-0b5 1 0 2 5 0
l2-16 l3-0b6 1 0 2 6 0
l2-16 l3-0b7 1 0 2 7 0
l2-16 l3-0b8 1 0 2 8 0
l2-16 l3-0b9 1 0 2 1 1
l2-16 l3-0b10 1 0 2 2 1
l2-16 l3-0b11 1 0 2 3 1
l2-16 l3-0b12 1 0 2 4 1
l2-16 l3-0b13 1 0 2 5 1
l2-16 l3-0b14 1 0 2 6 1
l2-16 l3-0b15 1 0 2 7 1
l2-16 l3-0b16 1 0 2 0 2
l2-16 l3-0b17 1 0 2 1 2
l2-16 l3-0b18 1 0 2 2 2
l2-16 l3-0b19 1 0 2 3 2
l2-16 l3-0b20 1 0 2 4 2
l2-16 l3-0b21 1 0 2 5 2
l2-16 l3-0b22 1 0 2 6 2
l2-16 l3-0b23 1 0 2 7 2
l2-16 l3-0b24 1 0 2 8 2
l2-16 l3-0b25 1 0 2 0 3
l2-16 l3-0b26 1 0 2 1 3
l2-16 l3-0b27 1 0 2 2 3
l2-16 l3-0b28 1 0 2 3 3
l2-16 l3-0b29 1 0 2 4 3
l2-16 l3-0b30 1 0 2 5 3
l2-16 l3-0b31 1 0 2 6 3
l2-16 l3-0b32 1 0 2 7 3
l2-16 l3-0b33 1 0 2 1 4
l2-16 l3-0b34 1 0 2 2 4
l2-16 l3-0b35 1 0 2 3 4
l2-16 l3-0b36 1 0 2 4 4
l2-16 l3-0b37 1 0 2 5 4
l2-16 l3-0b38 1 0 2 6 4
l2-16 l3-0b39 1 0 2 7 4
l2-16 l3-0b40 1 0 2 8 4
l2-16 l3-0b41 1 0 2 0 5
l2-16 l3-0b42 1 0 2 1 5
l2-16 l3-0b43 1 0 2 2 5
l2-16 l3-0b44 1 0 2 3 5
l2-16 l3-0b45 1 0 2 4 5
l2-16 l3-0b46 1 0 2 5 5
l2-16 l3-0b47 1 0 2 6 5
l2-16 l3-0b48 1 0 2 7 5
l2-16 l3-0b49 1 0 2 8 5
l2-16 l3-0b50 1 0 2 0 6
l2-16 l3-0b51 1 0 2 1 6
l2-16 l3-0b52 1 0 2 2 6
l2-16 l3-0b53 1 0 2 3 6
l2-16 l3-0b54 1 0 2 4 6
l2-16 l3-0b55 1 0 2 5 6
l2-16 l3-0b56 1 0 2 6 6
l2-16 l3-0b57 1 0 2 7 6
l2-16 l3-0b58 1 0 2 8 6
l2-16 l3-0b59 1 0 2 0 7
l2-16 l3-0b60 1 0 2 1 7
l2-16 l3-0b61 1 0 2 2 7
l2-16 l3-0b62 1 0 2 3 7
l2-16 l3-0b63 1 0 2 4 7
l1i-17 l2-17 0 0
l1d-17 l2-17 0 0
l1d-17 l2prefetcher-17 0 0
l2prefetcher-17 l2-17 0 0
l3-0b17 mem-0 1 1 2 0 1
l3-0b17 mem-1 1 1 2 0 1
l3-0b17 mem-2 1 1 2 0 8
l3-0b17 mem-3 1 1 2 0 8
l3-0b17 mem-4 1 1 2 8 1
l3-0b17 mem-5 1 1 2 8 1
l3-0b17 mem-6 1 1 2 8 7
l3-0b17 mem-7 1 1 2 8 7
l3-0b17 mem-8 1 1 2 0 4
l3-0b17 mem-9 1 1 2 0 4
l3-0b17 mem-10 1 1 2 8 3
l3-0b17 mem-11 1 1 2 8 3
l2-17 l3-0b0 1 1 2 0 0
l2-17 l3-0b1 1 1 2 1 0
l2-17 l3-0b2 1 1 2 2 0
l2-17 l3-0b3 1 1 2 3 0
l2-17 l3-0b4 1 1 2 4 0
l2-17 l3-0b5 1 1 2 5 0
l2-17 l3-0b6 1 1 2 6 0
l2-17 l3-0b7 1 1 2 7 0
l2-17 l3-0b8 1 1 2 8 0
l2-17 l3-0b9 1 1 2 1 1
l2-17 l3-0b10 1 1 2 2 1
l2-17 l3-0b11 1 1 2 3 1
l2-17 l3-0b12 1 1 2 4 1
l2-17 l3-0b13 1 1 2 5 1
l2-17 l3-0b14 1 1 2 6 1
l2-17 l3-0b15 1 1 2 7 1
l2-17 l3-0b16 1 1 2 0 2
l2-17 l3-0b17 1 1 2 1 2
l2-17 l3-0b18 1 1 2 2 2
l2-17 l3-0b19 1 1 2 3 2
l2-17 l3-0b20 1 1 2 4 2
l2-17 l3-0b21 1 1 2 5 2
l2-17 l3-0b22 1 1 2 6 2
l2-17 l3-0b23 1 1 2 7 2
l2-17 l3-0b24 1 1 2 8 2
l2-17 l3-0b25 1 1 2 0 3
l2-17 l3-0b26 1 1 2 1 3
l2-17 l3-0b27 1 1 2 2 3
l2-17 l3-0b28 1 1 2 3 3
l2-17 l3-0b29 1 1 2 4 3
l2-17 l3-0b30 1 1 2 5 3
l2-17 l3-0b31 1 1 2 6 3
l2-17 l3-0b32 1 1 2 7 3
l2-17 l3-0b33 1 1 2 1 4
l2-17 l3-0b34 1 1 2 2 4
l2-17 l3-0b35 1 1 2 3 4
l2-17 l3-0b36 1 1 2 4 4
l2-17 l3-0b37 1 1 2 5 4
l2-17 l3-0b38 1 1 2 6 4
l2-17 l3-0b39 1 1 2 7 4
l2-17 l3-0b40 1 1 2 8 4
l2-17 l3-0b41 1 1 2 0 5
l2-17 l3-0b42 1 1 2 1 5
l2-17 l3-0b43 1 1 2 2 5
l2-17 l3-0b44 1 1 2 3 5
l2-17 l3-0b45 1 1 2 4 5
l2-17 l3-0b46 1 1 2 5 5
l2-17 l3-0b47 1 1 2 6 5
l2-17 l3-0b48 1 1 2 7 5
l2-17 l3-0b49 1 1 2 8 5
l2-17 l3-0b50 1 1 2 0 6
l2-17 l3-0b51 1 1 2 1 6
l2-17 l3-0b52 1 1 2 2 6
l2-17 l3-0b53 1 1 2 3 6
l2-17 l3-0b54 1 1 2 4 6
l2-17 l3-0b55 1 1 2 5 6
l2-17 l3-0b56 1 1 2 6 6
l2-17 l3-0b57 1 1 2 7 6
l2-17 l3-0b58 1 1 2 8 6
l2-17 l3-0b59 1 1 2 0 7
l2-17 l3-0b60 1 1 2 1 7
l2-17 l3-0b61 1 1 2 2 7
l2-17 l3-0b62 1 1 2 3 7
l2-17 l3-0b63 1 1 2 4 7
l1i-18 l2-18 0 0
l1d-18 l2-18 0 0
l1d-18 l2prefetcher-18 0 0
l2prefetcher-18 l2-18 0 0
l3-0b18 mem-0 1 2 2 0 1
l3-0b18 mem-1 1 2 2 0 1
l3-0b18 mem-2 1 2 2 0 8
l3-0b18 mem-3 1 2 2 0 8
l3-0b18 mem-4 1 2 2 8 1
l3-0b18 mem-5 1 2 2 8 1
l3-0b18 mem-6 1 2 2 8 7
l3-0b18 mem-7 1 2 2 8 7
l3-0b18 mem-8 1 2 2 0 4
l3-0b18 mem-9 1 2 2 0 4
l3-0b18 mem-10 1 2 2 8 3
l3-0b18 mem-11 1 2 2 8 3
l2-18 l3-0b0 1 2 2 0 0
l2-18 l3-0b1 1 2 2 1 0
l2-18 l3-0b2 1 2 2 2 0
l2-18 l3-0b3 1 2 2 3 0
l2-18 l3-0b4 1 2 2 4 0
l2-18 l3-0b5 1 2 2 5 0
l2-18 l3-0b6 1 2 2 6 0
l2-18 l3-0b7 1 2 2 7 0
l2-18 l3-0b8 1 2 2 8 0
l2-18 l3-0b9 1 2 2 1 1
l2-18 l3-0b10 1 2 2 2 1
l2-18 l3-0b11 1 2 2 3 1
l2-18 l3-0b12 1 2 2 4 1
l2-18 l3-0b13 1 2 2 5 1
l2-18 l3-0b14 1 2 2 6 1
l2-18 l3-0b15 1 2 2 7 1
l2-18 l3-0b16 1 2 2 0 2
l2-18 l3-0b17 1 2 2 1 2
l2-18 l3-0b18 1 2 2 2 2
l2-18 l3-0b19 1 2 2 3 2
l2-18 l3-0b20 1 2 2 4 2
l2-18 l3-0b21 1 2 2 5 2
l2-18 l3-0b22 1 2 2 6 2
l2-18 l3-0b23 1 2 2 7 2
l2-18 l3-0b24 1 2 2 8 2
l2-18 l3-0b25 1 2 2 0 3
l2-18 l3-0b26 1 2 2 1 3
l2-18 l3-0b27 1 2 2 2 3
l2-18 l3-0b28 1 2 2 3 3
l2-18 l3-0b29 1 2 2 4 3
l2-18 l3-0b30 1 2 2 5 3
l2-18 l3-0b31 1 2 2 6 3
l2-18 l3-0b32 1 2 2 7 3
l2-18 l3-0b33 1 2 2 1 4
l2-18 l3-0b34 1 2 2 2 4
l2-18 l3-0b35 1 2 2 3 4
l2-18 l3-0b36 1 2 2 4 4
l2-18 l3-0b37 1 2 2 5 4
l2-18 l3-0b38 1 2 2 6 4
l2-18 l3-0b39 1 2 2 7 4
l2-18 l3-0b40 1 2 2 8 4
l2-18 l3-0b41 1 2 2 0 5
l2-18 l3-0b42 1 2 2 1 5
l2-18 l3-0b43 1 2 2 2 5
l2-18 l3-0b44 1 2 2 3 5
l2-18 l3-0b45 1 2 2 4 5
l2-18 l3-0b46 1 2 2 5 5
l2-18 l3-0b47 1 2 2 6 5
l2-18 l3-0b48 1 2 2 7 5
l2-18 l3-0b49 1 2 2 8 5
l2-18 l3-0b50 1 2 2 0 6
l2-18 l3-0b51 1 2 2 1 6
l2-18 l3-0b52 1 2 2 2 6
l2-18 l3-0b53 1 2 2 3 6
l2-18 l3-0b54 1 2 2 4 6
l2-18 l3-0b55 1 2 2 5 6
l2-18 l3-0b56 1 2 2 6 6
l2-18 l3-0b57 1 2 2 7 6
l2-18 l3-0b58 1 2 2 8 6
l2-18 l3-0b59 1 2 2 0 7
l2-18 l3-0b60 1 2 2 1 7
l2-18 l3-0b61 1 2 2 2 7
l2-18 l3-0b62 1 2 2 3 7
l2-18 l3-0b63 1 2 2 4 7
l1i-19 l2-19 0 0
l1d-19 l2-19 0 0
l1d-19 l2prefetcher-19 0 0
l2prefetcher-19 l2-19 0 0
l3-0b19 mem-0 1 3 2 0 1
l3-0b19 mem-1 1 3 2 0 1
l3-0b19 mem-2 1 3 2 0 8
l3-0b19 mem-3 1 3 2 0 8
l3-0b19 mem-4 1 3 2 8 1
l3-0b19 mem-5 1 3 2 8 1
l3-0b19 mem-6 1 3 2 8 7
l3-0b19 mem-7 1 3 2 8 7
l3-0b19 mem-8 1 3 2 0 4
l3-0b19 mem-9 1 3 2 0 4
l3-0b19 mem-10 1 3 2 8 3
l3-0b19 mem-11 1 3 2 8 3
l2-19 l3-0b0 1 3 2 0 0
l2-19 l3-0b1 1 3 2 1 0
l2-19 l3-0b2 1 3 2 2 0
l2-19 l3-0b3 1 3 2 3 0
l2-19 l3-0b4 1 3 2 4 0
l2-19 l3-0b5 1 3 2 5 0
l2-19 l3-0b6 1 3 2 6 0
l2-19 l3-0b7 1 3 2 7 0
l2-19 l3-0b8 1 3 2 8 0
l2-19 l3-0b9 1 3 2 1 1
l2-19 l3-0b10 1 3 2 2 1
l2-19 l3-0b11 1 3 2 3 1
l2-19 l3-0b12 1 3 2 4 1
l2-19 l3-0b13 1 3 2 5 1
l2-19 l3-0b14 1 3 2 6 1
l2-19 l3-0b15 1 3 2 7 1
l2-19 l3-0b16 1 3 2 0 2
l2-19 l3-0b17 1 3 2 1 2
l2-19 l3-0b18 1 3 2 2 2
l2-19 l3-0b19 1 3 2 3 2
l2-19 l3-0b20 1 3 2 4 2
l2-19 l3-0b21 1 3 2 5 2
l2-19 l3-0b22 1 3 2 6 2
l2-19 l3-0b23 1 3 2 7 2
l2-19 l3-0b24 1 3 2 8 2
l2-19 l3-0b25 1 3 2 0 3
l2-19 l3-0b26 1 3 2 1 3
l2-19 l3-0b27 1 3 2 2 3
l2-19 l3-0b28 1 3 2 3 3
l2-19 l3-0b29 1 3 2 4 3
l2-19 l3-0b30 1 3 2 5 3
l2-19 l3-0b31 1 3 2 6 3
l2-19 l3-0b32 1 3 2 7 3
l2-19 l3-0b33 1 3 2 1 4
l2-19 l3-0b34 1 3 2 2 4
l2-19 l3-0b35 1 3 2 3 4
l2-19 l3-0b36 1 3 2 4 4
l2-19 l3-0b37 1 3 2 5 4
l2-19 l3-0b38 1 3 2 6 4
l2-19 l3-0b39 1 3 2 7 4
l2-19 l3-0b40 1 3 2 8 4
l2-19 l3-0b41 1 3 2 0 5
l2-19 l3-0b42 1 3 2 1 5
l2-19 l3-0b43 1 3 2 2 5
l2-19 l3-0b44 1 3 2 3 5
l2-19 l3-0b45 1 3 2 4 5
l2-19 l3-0b46 1 3 2 5 5
l2-19 l3-0b47 1 3 2 6 5
l2-19 l3-0b48 1 3 2 7 5
l2-19 l3-0b49 1 3 2 8 5
l2-19 l3-0b50 1 3 2 0 6
l2-19 l3-0b51 1 3 2 1 6
l2-19 l3-0b52 1 3 2 2 6
l2-19 l3-0b53 1 3 2 3 6
l2-19 l3-0b54 1 3 2 4 6
l2-19 l3-0b55 1 3 2 5 6
l2-19 l3-0b56 1 3 2 6 6
l2-19 l3-0b57 1 3 2 7 6
l2-19 l3-0b58 1 3 2 8 6
l2-19 l3-0b59 1 3 2 0 7
l2-19 l3-0b60 1 3 2 1 7
l2-19 l3-0b61 1 3 2 2 7
l2-19 l3-0b62 1 3 2 3 7
l2-19 l3-0b63 1 3 2 4 7
l1i-20 l2-20 0 0
l1d-20 l2-20 0 0
l1d-20 l2prefetcher-20 0 0
l2prefetcher-20 l2-20 0 0
l3-0b20 mem-0 1 4 2 0 1
l3-0b20 mem-1 1 4 2 0 1
l3-0b20 mem-2 1 4 2 0 8
l3-0b20 mem-3 1 4 2 0 8
l3-0b20 mem-4 1 4 2 8 1
l3-0b20 mem-5 1 4 2 8 1
l3-0b20 mem-6 1 4 2 8 7
l3-0b20 mem-7 1 4 2 8 7
l3-0b20 mem-8 1 4 2 0 4
l3-0b20 mem-9 1 4 2 0 4
l3-0b20 mem-10 1 4 2 8 3
l3-0b20 mem-11 1 4 2 8 3
l2-20 l3-0b0 1 4 2 0 0
l2-20 l3-0b1 1 4 2 1 0
l2-20 l3-0b2 1 4 2 2 0
l2-20 l3-0b3 1 4 2 3 0
l2-20 l3-0b4 1 4 2 4 0
l2-20 l3-0b5 1 4 2 5 0
l2-20 l3-0b6 1 4 2 6 0
l2-20 l3-0b7 1 4 2 7 0
l2-20 l3-0b8 1 4 2 8 0
l2-20 l3-0b9 1 4 2 1 1
l2-20 l3-0b10 1 4 2 2 1
l2-20 l3-0b11 1 4 2 3 1
l2-20 l3-0b12 1 4 2 4 1
l2-20 l3-0b13 1 4 2 5 1
l2-20 l3-0b14 1 4 2 6 1
l2-20 l3-0b15 1 4 2 7 1
l2-20 l3-0b16 1 4 2 0 2
l2-20 l3-0b17 1 4 2 1 2
l2-20 l3-0b18 1 4 2 2 2
l2-20 l3-0b19 1 4 2 3 2
l2-20 l3-0b20 1 4 2 4 2
l2-20 l3-0b21 1 4 2 5 2
l2-20 l3-0b22 1 4 2 6 2
l2-20 l3-0b23 1 4 2 7 2
l2-20 l3-0b24 1 4 2 8 2
l2-20 l3-0b25 1 4 2 0 3
l2-20 l3-0b26 1 4 2 1 3
l2-20 l3-0b27 1 4 2 2 3
l2-20 l3-0b28 1 4 2 3 3
l2-20 l3-0b29 1 4 2 4 3
l2-20 l3-0b30 1 4 2 5 3
l2-20 l3-0b31 1 4 2 6 3
l2-20 l3-0b32 1 4 2 7 3
l2-20 l3-0b33 1 4 2 1 4
l2-20 l3-0b34 1 4 2 2 4
l2-20 l3-0b35 1 4 2 3 4
l2-20 l3-0b36 1 4 2 4 4
l2-20 l3-0b37 1 4 2 5 4
l2-20 l3-0b38 1 4 2 6 4
l2-20 l3-0b39 1 4 2 7 4
l2-20 l3-0b40 1 4 2 8 4
l2-20 l3-0b41 1 4 2 0 5
l2-20 l3-0b42 1 4 2 1 5
l2-20 l3-0b43 1 4 2 2 5
l2-20 l3-0b44 1 4 2 3 5
l2-20 l3-0b45 1 4 2 4 5
l2-20 l3-0b46 1 4 2 5 5
l2-20 l3-0b47 1 4 2 6 5
l2-20 l3-0b48 1 4 2 7 5
l2-20 l3-0b49 1 4 2 8 5
l2-20 l3-0b50 1 4 2 0 6
l2-20 l3-0b51 1 4 2 1 6
l2-20 l3-0b52 1 4 2 2 6
l2-20 l3-0b53 1 4 2 3 6
l2-20 l3-0b54 1 4 2 4 6
l2-20 l3-0b55 1 4 2 5 6
l2-20 l3-0b56 1 4 2 6 6
l2-20 l3-0b57 1 4 2 7 6
l2-20 l3-0b58 1 4 2 8 6
l2-20 l3-0b59 1 4 2 0 7
l2-20 l3-0b60 1 4 2 1 7
l2-20 l3-0b61 1 4 2 2 7
l2-20 l3-0b62 1 4 2 3 7
l2-20 l3-0b63 1 4 2 4 7
l1i-21 l2-21 0 0
l1d-21 l2-21 0 0
l1d-21 l2prefetcher-21 0 0
l2prefetcher-21 l2-21 0 0
l3-0b21 mem-0 1 5 2 0 1
l3-0b21 mem-1 1 5 2 0 1
l3-0b21 mem-2 1 5 2 0 8
l3-0b21 mem-3 1 5 2 0 8
l3-0b21 mem-4 1 5 2 8 1
l3-0b21 mem-5 1 5 2 8 1
l3-0b21 mem-6 1 5 2 8 7
l3-0b21 mem-7 1 5 2 8 7
l3-0b21 mem-8 1 5 2 0 4
l3-0b21 mem-9 1 5 2 0 4
l3-0b21 mem-10 1 5 2 8 3
l3-0b21 mem-11 1 5 2 8 3
l2-21 l3-0b0 1 5 2 0 0
l2-21 l3-0b1 1 5 2 1 0
l2-21 l3-0b2 1 5 2 2 0
l2-21 l3-0b3 1 5 2 3 0
l2-21 l3-0b4 1 5 2 4 0
l2-21 l3-0b5 1 5 2 5 0
l2-21 l3-0b6 1 5 2 6 0
l2-21 l3-0b7 1 5 2 7 0
l2-21 l3-0b8 1 5 2 8 0
l2-21 l3-0b9 1 5 2 1 1
l2-21 l3-0b10 1 5 2 2 1
l2-21 l3-0b11 1 5 2 3 1
l2-21 l3-0b12 1 5 2 4 1
l2-21 l3-0b13 1 5 2 5 1
l2-21 l3-0b14 1 5 2 6 1
l2-21 l3-0b15 1 5 2 7 1
l2-21 l3-0b16 1 5 2 0 2
l2-21 l3-0b17 1 5 2 1 2
l2-21 l3-0b18 1 5 2 2 2
l2-21 l3-0b19 1 5 2 3 2
l2-21 l3-0b20 1 5 2 4 2
l2-21 l3-0b21 1 5 2 5 2
l2-21 l3-0b22 1 5 2 6 2
l2-21 l3-0b23 1 5 2 7 2
l2-21 l3-0b24 1 5 2 8 2
l2-21 l3-0b25 1 5 2 0 3
l2-21 l3-0b26 1 5 2 1 3
l2-21 l3-0b27 1 5 2 2 3
l2-21 l3-0b28 1 5 2 3 3
l2-21 l3-0b29 1 5 2 4 3
l2-21 l3-0b30 1 5 2 5 3
l2-21 l3-0b31 1 5 2 6 3
l2-21 l3-0b32 1 5 2 7 3
l2-21 l3-0b33 1 5 2 1 4
l2-21 l3-0b34 1 5 2 2 4
l2-21 l3-0b35 1 5 2 3 4
l2-21 l3-0b36 1 5 2 4 4
l2-21 l3-0b37 1 5 2 5 4
l2-21 l3-0b38 1 5 2 6 4
l2-21 l3-0b39 1 5 2 7 4
l2-21 l3-0b40 1 5 2 8 4
l2-21 l3-0b41 1 5 2 0 5
l2-21 l3-0b42 1 5 2 1 5
l2-21 l3-0b43 1 5 2 2 5
l2-21 l3-0b44 1 5 2 3 5
l2-21 l3-0b45 1 5 2 4 5
l2-21 l3-0b46 1 5 2 5 5
l2-21 l3-0b47 1 5 2 6 5
l2-21 l3-0b48 1 5 2 7 5
l2-21 l3-0b49 1 5 2 8 5
l2-21 l3-0b50 1 5 2 0 6
l2-21 l3-0b51 1 5 2 1 6
l2-21 l3-0b52 1 5 2 2 6
l2-21 l3-0b53 1 5 2 3 6
l2-21 l3-0b54 1 5 2 4 6
l2-21 l3-0b55 1 5 2 5 6
l2-21 l3-0b56 1 5 2 6 6
l2-21 l3-0b57 1 5 2 7 6
l2-21 l3-0b58 1 5 2 8 6
l2-21 l3-0b59 1 5 2 0 7
l2-21 l3-0b60 1 5 2 1 7
l2-21 l3-0b61 1 5 2 2 7
l2-21 l3-0b62 1 5 2 3 7
l2-21 l3-0b63 1 5 2 4 7
l1i-22 l2-22 0 0
l1d-22 l2-22 0 0
l1d-22 l2prefetcher-22 0 0
l2prefetcher-22 l2-22 0 0
l3-0b22 mem-0 1 6 2 0 1
l3-0b22 mem-1 1 6 2 0 1
l3-0b22 mem-2 1 6 2 0 8
l3-0b22 mem-3 1 6 2 0 8
l3-0b22 mem-4 1 6 2 8 1
l3-0b22 mem-5 1 6 2 8 1
l3-0b22 mem-6 1 6 2 8 7
l3-0b22 mem-7 1 6 2 8 7
l3-0b22 mem-8 1 6 2 0 4
l3-0b22 mem-9 1 6 2 0 4
l3-0b22 mem-10 1 6 2 8 3
l3-0b22 mem-11 1 6 2 8 3
l2-22 l3-0b0 1 6 2 0 0
l2-22 l3-0b1 1 6 2 1 0
l2-22 l3-0b2 1 6 2 2 0
l2-22 l3-0b3 1 6 2 3 0
l2-22 l3-0b4 1 6 2 4 0
l2-22 l3-0b5 1 6 2 5 0
l2-22 l3-0b6 1 6 2 6 0
l2-22 l3-0b7 1 6 2 7 0
l2-22 l3-0b8 1 6 2 8 0
l2-22 l3-0b9 1 6 2 1 1
l2-22 l3-0b10 1 6 2 2 1
l2-22 l3-0b11 1 6 2 3 1
l2-22 l3-0b12 1 6 2 4 1
l2-22 l3-0b13 1 6 2 5 1
l2-22 l3-0b14 1 6 2 6 1
l2-22 l3-0b15 1 6 2 7 1
l2-22 l3-0b16 1 6 2 0 2
l2-22 l3-0b17 1 6 2 1 2
l2-22 l3-0b18 1 6 2 2 2
l2-22 l3-0b19 1 6 2 3 2
l2-22 l3-0b20 1 6 2 4 2
l2-22 l3-0b21 1 6 2 5 2
l2-22 l3-0b22 1 6 2 6 2
l2-22 l3-0b23 1 6 2 7 2
l2-22 l3-0b24 1 6 2 8 2
l2-22 l3-0b25 1 6 2 0 3
l2-22 l3-0b26 1 6 2 1 3
l2-22 l3-0b27 1 6 2 2 3
l2-22 l3-0b28 1 6 2 3 3
l2-22 l3-0b29 1 6 2 4 3
l2-22 l3-0b30 1 6 2 5 3
l2-22 l3-0b31 1 6 2 6 3
l2-22 l3-0b32 1 6 2 7 3
l2-22 l3-0b33 1 6 2 1 4
l2-22 l3-0b34 1 6 2 2 4
l2-22 l3-0b35 1 6 2 3 4
l2-22 l3-0b36 1 6 2 4 4
l2-22 l3-0b37 1 6 2 5 4
l2-22 l3-0b38 1 6 2 6 4
l2-22 l3-0b39 1 6 2 7 4
l2-22 l3-0b40 1 6 2 8 4
l2-22 l3-0b41 1 6 2 0 5
l2-22 l3-0b42 1 6 2 1 5
l2-22 l3-0b43 1 6 2 2 5
l2-22 l3-0b44 1 6 2 3 5
l2-22 l3-0b45 1 6 2 4 5
l2-22 l3-0b46 1 6 2 5 5
l2-22 l3-0b47 1 6 2 6 5
l2-22 l3-0b48 1 6 2 7 5
l2-22 l3-0b49 1 6 2 8 5
l2-22 l3-0b50 1 6 2 0 6
l2-22 l3-0b51 1 6 2 1 6
l2-22 l3-0b52 1 6 2 2 6
l2-22 l3-0b53 1 6 2 3 6
l2-22 l3-0b54 1 6 2 4 6
l2-22 l3-0b55 1 6 2 5 6
l2-22 l3-0b56 1 6 2 6 6
l2-22 l3-0b57 1 6 2 7 6
l2-22 l3-0b58 1 6 2 8 6
l2-22 l3-0b59 1 6 2 0 7
l2-22 l3-0b60 1 6 2 1 7
l2-22 l3-0b61 1 6 2 2 7
l2-22 l3-0b62 1 6 2 3 7
l2-22 l3-0b63 1 6 2 4 7
l1i-23 l2-23 0 0
l1d-23 l2-23 0 0
l1d-23 l2prefetcher-23 0 0
l2prefetcher-23 l2-23 0 0
l3-0b23 mem-0 1 7 2 0 1
l3-0b23 mem-1 1 7 2 0 1
l3-0b23 mem-2 1 7 2 0 8
l3-0b23 mem-3 1 7 2 0 8
l3-0b23 mem-4 1 7 2 8 1
l3-0b23 mem-5 1 7 2 8 1
l3-0b23 mem-6 1 7 2 8 7
l3-0b23 mem-7 1 7 2 8 7
l3-0b23 mem-8 1 7 2 0 4
l3-0b23 mem-9 1 7 2 0 4
l3-0b23 mem-10 1 7 2 8 3
l3-0b23 mem-11 1 7 2 8 3
l2-23 l3-0b0 1 7 2 0 0
l2-23 l3-0b1 1 7 2 1 0
l2-23 l3-0b2 1 7 2 2 0
l2-23 l3-0b3 1 7 2 3 0
l2-23 l3-0b4 1 7 2 4 0
l2-23 l3-0b5 1 7 2 5 0
l2-23 l3-0b6 1 7 2 6 0
l2-23 l3-0b7 1 7 2 7 0
l2-23 l3-0b8 1 7 2 8 0
l2-23 l3-0b9 1 7 2 1 1
l2-23 l3-0b10 1 7 2 2 1
l2-23 l3-0b11 1 7 2 3 1
l2-23 l3-0b12 1 7 2 4 1
l2-23 l3-0b13 1 7 2 5 1
l2-23 l3-0b14 1 7 2 6 1
l2-23 l3-0b15 1 7 2 7 1
l2-23 l3-0b16 1 7 2 0 2
l2-23 l3-0b17 1 7 2 1 2
l2-23 l3-0b18 1 7 2 2 2
l2-23 l3-0b19 1 7 2 3 2
l2-23 l3-0b20 1 7 2 4 2
l2-23 l3-0b21 1 7 2 5 2
l2-23 l3-0b22 1 7 2 6 2
l2-23 l3-0b23 1 7 2 7 2
l2-23 l3-0b24 1 7 2 8 2
l2-23 l3-0b25 1 7 2 0 3
l2-23 l3-0b26 1 7 2 1 3
l2-23 l3-0b27 1 7 2 2 3
l2-23 l3-0b28 1 7 2 3 3
l2-23 l3-0b29 1 7 2 4 3
l2-23 l3-0b30 1 7 2 5 3
l2-23 l3-0b31 1 7 2 6 3
l2-23 l3-0b32 1 7 2 7 3
l2-23 l3-0b33 1 7 2 1 4
l2-23 l3-0b34 1 7 2 2 4
l2-23 l3-0b35 1 7 2 3 4
l2-23 l3-0b36 1 7 2 4 4
l2-23 l3-0b37 1 7 2 5 4
l2-23 l3-0b38 1 7 2 6 4
l2-23 l3-0b39 1 7 2 7 4
l2-23 l3-0b40 1 7 2 8 4
l2-23 l3-0b41 1 7 2 0 5
l2-23 l3-0b42 1 7 2 1 5
l2-23 l3-0b43 1 7 2 2 5
l2-23 l3-0b44 1 7 2 3 5
l2-23 l3-0b45 1 7 2 4 5
l2-23 l3-0b46 1 7 2 5 5
l2-23 l3-0b47 1 7 2 6 5
l2-23 l3-0b48 1 7 2 7 5
l2-23 l3-0b49 1 7 2 8 5
l2-23 l3-0b50 1 7 2 0 6
l2-23 l3-0b51 1 7 2 1 6
l2-23 l3-0b52 1 7 2 2 6
l2-23 l3-0b53 1 7 2 3 6
l2-23 l3-0b54 1 7 2 4 6
l2-23 l3-0b55 1 7 2 5 6
l2-23 l3-0b56 1 7 2 6 6
l2-23 l3-0b57 1 7 2 7 6
l2-23 l3-0b58 1 7 2 8 6
l2-23 l3-0b59 1 7 2 0 7
l2-23 l3-0b60 1 7 2 1 7
l2-23 l3-0b61 1 7 2 2 7
l2-23 l3-0b62 1 7 2 3 7
l2-23 l3-0b63 1 7 2 4 7
l1i-24 l2-24 0 0
l1d-24 l2-24 0 0
l1d-24 l2prefetcher-24 0 0
l2prefetcher-24 l2-24 0 0
l3-0b24 mem-0 1 8 2 0 1
l3-0b24 mem-1 1 8 2 0 1
l3-0b24 mem-2 1 8 2 0 8
l3-0b24 mem-3 1 8 2 0 8
l3-0b24 mem-4 1 8 2 8 1
l3-0b24 mem-5 1 8 2 8 1
l3-0b24 mem-6 1 8 2 8 7
l3-0b24 mem-7 1 8 2 8 7
l3-0b24 mem-8 1 8 2 0 4
l3-0b24 mem-9 1 8 2 0 4
l3-0b24 mem-10 1 8 2 8 3
l3-0b24 mem-11 1 8 2 8 3
l2-24 l3-0b0 1 8 2 0 0
l2-24 l3-0b1 1 8 2 1 0
l2-24 l3-0b2 1 8 2 2 0
l2-24 l3-0b3 1 8 2 3 0
l2-24 l3-0b4 1 8 2 4 0
l2-24 l3-0b5 1 8 2 5 0
l2-24 l3-0b6 1 8 2 6 0
l2-24 l3-0b7 1 8 2 7 0
l2-24 l3-0b8 1 8 2 8 0
l2-24 l3-0b9 1 8 2 1 1
l2-24 l3-0b10 1 8 2 2 1
l2-24 l3-0b11 1 8 2 3 1
l2-24 l3-0b12 1 8 2 4 1
l2-24 l3-0b13 1 8 2 5 1
l2-24 l3-0b14 1 8 2 6 1
l2-24 l3-0b15 1 8 2 7 1
l2-24 l3-0b16 1 8 2 0 2
l2-24 l3-0b17 1 8 2 1 2
l2-24 l3-0b18 1 8 2 2 2
l2-24 l3-0b19 1 8 2 3 2
l2-24 l3-0b20 1 8 2 4 2
l2-24 l3-0b21 1 8 2 5 2
l2-24 l3-0b22 1 8 2 6 2
l2-24 l3-0b23 1 8 2 7 2
l2-24 l3-0b24 1 8 2 8 2
l2-24 l3-0b25 1 8 2 0 3
l2-24 l3-0b26 1 8 2 1 3
l2-24 l3-0b27 1 8 2 2 3
l2-24 l3-0b28 1 8 2 3 3
l2-24 l3-0b29 1 8 2 4 3
l2-24 l3-0b30 1 8 2 5 3
l2-24 l3-0b31 1 8 2 6 3
l2-24 l3-0b32 1 8 2 7 3
l2-24 l3-0b33 1 8 2 1 4
l2-24 l3-0b34 1 8 2 2 4
l2-24 l3-0b35 1 8 2 3 4
l2-24 l3-0b36 1 8 2 4 4
l2-24 l3-0b37 1 8 2 5 4
l2-24 l3-0b38 1 8 2 6 4
l2-24 l3-0b39 1 8 2 7 4
l2-24 l3-0b40 1 8 2 8 4
l2-24 l3-0b41 1 8 2 0 5
l2-24 l3-0b42 1 8 2 1 5
l2-24 l3-0b43 1 8 2 2 5
l2-24 l3-0b44 1 8 2 3 5
l2-24 l3-0b45 1 8 2 4 5
l2-24 l3-0b46 1 8 2 5 5
l2-24 l3-0b47 1 8 2 6 5
l2-24 l3-0b48 1 8 2 7 5
l2-24 l3-0b49 1 8 2 8 5
l2-24 l3-0b50 1 8 2 0 6
l2-24 l3-0b51 1 8 2 1 6
l2-24 l3-0b52 1 8 2 2 6
l2-24 l3-0b53 1 8 2 3 6
l2-24 l3-0b54 1 8 2 4 6
l2-24 l3-0b55 1 8 2 5 6
l2-24 l3-0b56 1 8 2 6 6
l2-24 l3-0b57 1 8 2 7 6
l2-24 l3-0b58 1 8 2 8 6
l2-24 l3-0b59 1 8 2 0 7
l2-24 l3-0b60 1 8 2 1 7
l2-24 l3-0b61 1 8 2 2 7
l2-24 l3-0b62 1 8 2 3 7
l2-24 l3-0b63 1 8 2 4 7
l1i-25 l2-25 0 0
l1d-25 l2-25 0 0
l1d-25 l2prefetcher-25 0 0
l2prefetcher-25 l2-25 0 0
l3-0b25 mem-0 1 0 3 0 1
l3-0b25 mem-1 1 0 3 0 1
l3-0b25 mem-2 1 0 3 0 8
l3-0b25 mem-3 1 0 3 0 8
l3-0b25 mem-4 1 0 3 8 1
l3-0b25 mem-5 1 0 3 8 1
l3-0b25 mem-6 1 0 3 8 7
l3-0b25 mem-7 1 0 3 8 7
l3-0b25 mem-8 1 0 3 0 4
l3-0b25 mem-9 1 0 3 0 4
l3-0b25 mem-10 1 0 3 8 3
l3-0b25 mem-11 1 0 3 8 3
l2-25 l3-0b0 1 0 3 0 0
l2-25 l3-0b1 1 0 3 1 0
l2-25 l3-0b2 1 0 3 2 0
l2-25 l3-0b3 1 0 3 3 0
l2-25 l3-0b4 1 0 3 4 0
l2-25 l3-0b5 1 0 3 5 0
l2-25 l3-0b6 1 0 3 6 0
l2-25 l3-0b7 1 0 3 7 0
l2-25 l3-0b8 1 0 3 8 0
l2-25 l3-0b9 1 0 3 1 1
l2-25 l3-0b10 1 0 3 2 1
l2-25 l3-0b11 1 0 3 3 1
l2-25 l3-0b12 1 0 3 4 1
l2-25 l3-0b13 1 0 3 5 1
l2-25 l3-0b14 1 0 3 6 1
l2-25 l3-0b15 1 0 3 7 1
l2-25 l3-0b16 1 0 3 0 2
l2-25 l3-0b17 1 0 3 1 2
l2-25 l3-0b18 1 0 3 2 2
l2-25 l3-0b19 1 0 3 3 2
l2-25 l3-0b20 1 0 3 4 2
l2-25 l3-0b21 1 0 3 5 2
l2-25 l3-0b22 1 0 3 6 2
l2-25 l3-0b23 1 0 3 7 2
l2-25 l3-0b24 1 0 3 8 2
l2-25 l3-0b25 1 0 3 0 3
l2-25 l3-0b26 1 0 3 1 3
l2-25 l3-0b27 1 0 3 2 3
l2-25 l3-0b28 1 0 3 3 3
l2-25 l3-0b29 1 0 3 4 3
l2-25 l3-0b30 1 0 3 5 3
l2-25 l3-0b31 1 0 3 6 3
l2-25 l3-0b32 1 0 3 7 3
l2-25 l3-0b33 1 0 3 1 4
l2-25 l3-0b34 1 0 3 2 4
l2-25 l3-0b35 1 0 3 3 4
l2-25 l3-0b36 1 0 3 4 4
l2-25 l3-0b37 1 0 3 5 4
l2-25 l3-0b38 1 0 3 6 4
l2-25 l3-0b39 1 0 3 7 4
l2-25 l3-0b40 1 0 3 8 4
l2-25 l3-0b41 1 0 3 0 5
l2-25 l3-0b42 1 0 3 1 5
l2-25 l3-0b43 1 0 3 2 5
l2-25 l3-0b44 1 0 3 3 5
l2-25 l3-0b45 1 0 3 4 5
l2-25 l3-0b46 1 0 3 5 5
l2-25 l3-0b47 1 0 3 6 5
l2-25 l3-0b48 1 0 3 7 5
l2-25 l3-0b49 1 0 3 8 5
l2-25 l3-0b50 1 0 3 0 6
l2-25 l3-0b51 1 0 3 1 6
l2-25 l3-0b52 1 0 3 2 6
l2-25 l3-0b53 1 0 3 3 6
l2-25 l3-0b54 1 0 3 4 6
l2-25 l3-0b55 1 0 3 5 6
l2-25 l3-0b56 1 0 3 6 6
l2-25 l3-0b57 1 0 3 7 6
l2-25 l3-0b58 1 0 3 8 6
l2-25 l3-0b59 1 0 3 0 7
l2-25 l3-0b60 1 0 3 1 7
l2-25 l3-0b61 1 0 3 2 7
l2-25 l3-0b62 1 0 3 3 7
l2-25 l3-0b63 1 0 3 4 7
l1i-26 l2-26 0 0
l1d-26 l2-26 0 0
l1d-26 l2prefetcher-26 0 0
l2prefetcher-26 l2-26 0 0
l3-0b26 mem-0 1 1 3 0 1
l3-0b26 mem-1 1 1 3 0 1
l3-0b26 mem-2 1 1 3 0 8
l3-0b26 mem-3 1 1 3 0 8
l3-0b26 mem-4 1 1 3 8 1
l3-0b26 mem-5 1 1 3 8 1
l3-0b26 mem-6 1 1 3 8 7
l3-0b26 mem-7 1 1 3 8 7
l3-0b26 mem-8 1 1 3 0 4
l3-0b26 mem-9 1 1 3 0 4
l3-0b26 mem-10 1 1 3 8 3
l3-0b26 mem-11 1 1 3 8 3
l2-26 l3-0b0 1 1 3 0 0
l2-26 l3-0b1 1 1 3 1 0
l2-26 l3-0b2 1 1 3 2 0
l2-26 l3-0b3 1 1 3 3 0
l2-26 l3-0b4 1 1 3 4 0
l2-26 l3-0b5 1 1 3 5 0
l2-26 l3-0b6 1 1 3 6 0
l2-26 l3-0b7 1 1 3 7 0
l2-26 l3-0b8 1 1 3 8 0
l2-26 l3-0b9 1 1 3 1 1
l2-26 l3-0b10 1 1 3 2 1
l2-26 l3-0b11 1 1 3 3 1
l2-26 l3-0b12 1 1 3 4 1
l2-26 l3-0b13 1 1 3 5 1
l2-26 l3-0b14 1 1 3 6 1
l2-26 l3-0b15 1 1 3 7 1
l2-26 l3-0b16 1 1 3 0 2
l2-26 l3-0b17 1 1 3 1 2
l2-26 l3-0b18 1 1 3 2 2
l2-26 l3-0b19 1 1 3 3 2
l2-26 l3-0b20 1 1 3 4 2
l2-26 l3-0b21 1 1 3 5 2
l2-26 l3-0b22 1 1 3 6 2
l2-26 l3-0b23 1 1 3 7 2
l2-26 l3-0b24 1 1 3 8 2
l2-26 l3-0b25 1 1 3 0 3
l2-26 l3-0b26 1 1 3 1 3
l2-26 l3-0b27 1 1 3 2 3
l2-26 l3-0b28 1 1 3 3 3
l2-26 l3-0b29 1 1 3 4 3
l2-26 l3-0b30 1 1 3 5 3
l2-26 l3-0b31 1 1 3 6 3
l2-26 l3-0b32 1 1 3 7 3
l2-26 l3-0b33 1 1 3 1 4
l2-26 l3-0b34 1 1 3 2 4
l2-26 l3-0b35 1 1 3 3 4
l2-26 l3-0b36 1 1 3 4 4
l2-26 l3-0b37 1 1 3 5 4
l2-26 l3-0b38 1 1 3 6 4
l2-26 l3-0b39 1 1 3 7 4
l2-26 l3-0b40 1 1 3 8 4
l2-26 l3-0b41 1 1 3 0 5
l2-26 l3-0b42 1 1 3 1 5
l2-26 l3-0b43 1 1 3 2 5
l2-26 l3-0b44 1 1 3 3 5
l2-26 l3-0b45 1 1 3 4 5
l2-26 l3-0b46 1 1 3 5 5
l2-26 l3-0b47 1 1 3 6 5
l2-26 l3-0b48 1 1 3 7 5
l2-26 l3-0b49 1 1 3 8 5
l2-26 l3-0b50 1 1 3 0 6
l2-26 l3-0b51 1 1 3 1 6
l2-26 l3-0b52 1 1 3 2 6
l2-26 l3-0b53 1 1 3 3 6
l2-26 l3-0b54 1 1 3 4 6
l2-26 l3-0b55 1 1 3 5 6
l2-26 l3-0b56 1 1 3 6 6
l2-26 l3-0b57 1 1 3 7 6
l2-26 l3-0b58 1 1 3 8 6
l2-26 l3-0b59 1 1 3 0 7
l2-26 l3-0b60 1 1 3 1 7
l2-26 l3-0b61 1 1 3 2 7
l2-26 l3-0b62 1 1 3 3 7
l2-26 l3-0b63 1 1 3 4 7
l1i-27 l2-27 0 0
l1d-27 l2-27 0 0
l1d-27 l2prefetcher-27 0 0
l2prefetcher-27 l2-27 0 0
l3-0b27 mem-0 1 2 3 0 1
l3-0b27 mem-1 1 2 3 0 1
l3-0b27 mem-2 1 2 3 0 8
l3-0b27 mem-3 1 2 3 0 8
l3-0b27 mem-4 1 2 3 8 1
l3-0b27 mem-5 1 2 3 8 1
l3-0b27 mem-6 1 2 3 8 7
l3-0b27 mem-7 1 2 3 8 7
l3-0b27 mem-8 1 2 3 0 4
l3-0b27 mem-9 1 2 3 0 4
l3-0b27 mem-10 1 2 3 8 3
l3-0b27 mem-11 1 2 3 8 3
l2-27 l3-0b0 1 2 3 0 0
l2-27 l3-0b1 1 2 3 1 0
l2-27 l3-0b2 1 2 3 2 0
l2-27 l3-0b3 1 2 3 3 0
l2-27 l3-0b4 1 2 3 4 0
l2-27 l3-0b5 1 2 3 5 0
l2-27 l3-0b6 1 2 3 6 0
l2-27 l3-0b7 1 2 3 7 0
l2-27 l3-0b8 1 2 3 8 0
l2-27 l3-0b9 1 2 3 1 1
l2-27 l3-0b10 1 2 3 2 1
l2-27 l3-0b11 1 2 3 3 1
l2-27 l3-0b12 1 2 3 4 1
l2-27 l3-0b13 1 2 3 5 1
l2-27 l3-0b14 1 2 3 6 1
l2-27 l3-0b15 1 2 3 7 1
l2-27 l3-0b16 1 2 3 0 2
l2-27 l3-0b17 1 2 3 1 2
l2-27 l3-0b18 1 2 3 2 2
l2-27 l3-0b19 1 2 3 3 2
l2-27 l3-0b20 1 2 3 4 2
l2-27 l3-0b21 1 2 3 5 2
l2-27 l3-0b22 1 2 3 6 2
l2-27 l3-0b23 1 2 3 7 2
l2-27 l3-0b24 1 2 3 8 2
l2-27 l3-0b25 1 2 3 0 3
l2-27 l3-0b26 1 2 3 1 3
l2-27 l3-0b27 1 2 3 2 3
l2-27 l3-0b28 1 2 3 3 3
l2-27 l3-0b29 1 2 3 4 3
l2-27 l3-0b30 1 2 3 5 3
l2-27 l3-0b31 1 2 3 6 3
l2-27 l3-0b32 1 2 3 7 3
l2-27 l3-0b33 1 2 3 1 4
l2-27 l3-0b34 1 2 3 2 4
l2-27 l3-0b35 1 2 3 3 4
l2-27 l3-0b36 1 2 3 4 4
l2-27 l3-0b37 1 2 3 5 4
l2-27 l3-0b38 1 2 3 6 4
l2-27 l3-0b39 1 2 3 7 4
l2-27 l3-0b40 1 2 3 8 4
l2-27 l3-0b41 1 2 3 0 5
l2-27 l3-0b42 1 2 3 1 5
l2-27 l3-0b43 1 2 3 2 5
l2-27 l3-0b44 1 2 3 3 5
l2-27 l3-0b45 1 2 3 4 5
l2-27 l3-0b46 1 2 3 5 5
l2-27 l3-0b47 1 2 3 6 5
l2-27 l3-0b48 1 2 3 7 5
l2-27 l3-0b49 1 2 3 8 5
l2-27 l3-0b50 1 2 3 0 6
l2-27 l3-0b51 1 2 3 1 6
l2-27 l3-0b52 1 2 3 2 6
l2-27 l3-0b53 1 2 3 3 6
l2-27 l3-0b54 1 2 3 4 6
l2-27 l3-0b55 1 2 3 5 6
l2-27 l3-0b56 1 2 3 6 6
l2-27 l3-0b57 1 2 3 7 6
l2-27 l3-0b58 1 2 3 8 6
l2-27 l3-0b59 1 2 3 0 7
l2-27 l3-0b60 1 2 3 1 7
l2-27 l3-0b61 1 2 3 2 7
l2-27 l3-0b62 1 2 3 3 7
l2-27 l3-0b63 1 2 3 4 7
l1i-28 l2-28 0 0
l1d-28 l2-28 0 0
l1d-28 l2prefetcher-28 0 0
l2prefetcher-28 l2-28 0 0
l3-0b28 mem-0 1 3 3 0 1
l3-0b28 mem-1 1 3 3 0 1
l3-0b28 mem-2 1 3 3 0 8
l3-0b28 mem-3 1 3 3 0 8
l3-0b28 mem-4 1 3 3 8 1
l3-0b28 mem-5 1 3 3 8 1
l3-0b28 mem-6 1 3 3 8 7
l3-0b28 mem-7 1 3 3 8 7
l3-0b28 mem-8 1 3 3 0 4
l3-0b28 mem-9 1 3 3 0 4
l3-0b28 mem-10 1 3 3 8 3
l3-0b28 mem-11 1 3 3 8 3
l2-28 l3-0b0 1 3 3 0 0
l2-28 l3-0b1 1 3 3 1 0
l2-28 l3-0b2 1 3 3 2 0
l2-28 l3-0b3 1 3 3 3 0
l2-28 l3-0b4 1 3 3 4 0
l2-28 l3-0b5 1 3 3 5 0
l2-28 l3-0b6 1 3 3 6 0
l2-28 l3-0b7 1 3 3 7 0
l2-28 l3-0b8 1 3 3 8 0
l2-28 l3-0b9 1 3 3 1 1
l2-28 l3-0b10 1 3 3 2 1
l2-28 l3-0b11 1 3 3 3 1
l2-28 l3-0b12 1 3 3 4 1
l2-28 l3-0b13 1 3 3 5 1
l2-28 l3-0b14 1 3 3 6 1
l2-28 l3-0b15 1 3 3 7 1
l2-28 l3-0b16 1 3 3 0 2
l2-28 l3-0b17 1 3 3 1 2
l2-28 l3-0b18 1 3 3 2 2
l2-28 l3-0b19 1 3 3 3 2
l2-28 l3-0b20 1 3 3 4 2
l2-28 l3-0b21 1 3 3 5 2
l2-28 l3-0b22 1 3 3 6 2
l2-28 l3-0b23 1 3 3 7 2
l2-28 l3-0b24 1 3 3 8 2
l2-28 l3-0b25 1 3 3 0 3
l2-28 l3-0b26 1 3 3 1 3
l2-28 l3-0b27 1 3 3 2 3
l2-28 l3-0b28 1 3 3 3 3
l2-28 l3-0b29 1 3 3 4 3
l2-28 l3-0b30 1 3 3 5 3
l2-28 l3-0b31 1 3 3 6 3
l2-28 l3-0b32 1 3 3 7 3
l2-28 l3-0b33 1 3 3 1 4
l2-28 l3-0b34 1 3 3 2 4
l2-28 l3-0b35 1 3 3 3 4
l2-28 l3-0b36 1 3 3 4 4
l2-28 l3-0b37 1 3 3 5 4
l2-28 l3-0b38 1 3 3 6 4
l2-28 l3-0b39 1 3 3 7 4
l2-28 l3-0b40 1 3 3 8 4
l2-28 l3-0b41 1 3 3 0 5
l2-28 l3-0b42 1 3 3 1 5
l2-28 l3-0b43 1 3 3 2 5
l2-28 l3-0b44 1 3 3 3 5
l2-28 l3-0b45 1 3 3 4 5
l2-28 l3-0b46 1 3 3 5 5
l2-28 l3-0b47 1 3 3 6 5
l2-28 l3-0b48 1 3 3 7 5
l2-28 l3-0b49 1 3 3 8 5
l2-28 l3-0b50 1 3 3 0 6
l2-28 l3-0b51 1 3 3 1 6
l2-28 l3-0b52 1 3 3 2 6
l2-28 l3-0b53 1 3 3 3 6
l2-28 l3-0b54 1 3 3 4 6
l2-28 l3-0b55 1 3 3 5 6
l2-28 l3-0b56 1 3 3 6 6
l2-28 l3-0b57 1 3 3 7 6
l2-28 l3-0b58 1 3 3 8 6
l2-28 l3-0b59 1 3 3 0 7
l2-28 l3-0b60 1 3 3 1 7
l2-28 l3-0b61 1 3 3 2 7
l2-28 l3-0b62 1 3 3 3 7
l2-28 l3-0b63 1 3 3 4 7
l1i-29 l2-29 0 0
l1d-29 l2-29 0 0
l1d-29 l2prefetcher-29 0 0
l2prefetcher-29 l2-29 0 0
l3-0b29 mem-0 1 4 3 0 1
l3-0b29 mem-1 1 4 3 0 1
l3-0b29 mem-2 1 4 3 0 8
l3-0b29 mem-3 1 4 3 0 8
l3-0b29 mem-4 1 4 3 8 1
l3-0b29 mem-5 1 4 3 8 1
l3-0b29 mem-6 1 4 3 8 7
l3-0b29 mem-7 1 4 3 8 7
l3-0b29 mem-8 1 4 3 0 4
l3-0b29 mem-9 1 4 3 0 4
l3-0b29 mem-10 1 4 3 8 3
l3-0b29 mem-11 1 4 3 8 3
l2-29 l3-0b0 1 4 3 0 0
l2-29 l3-0b1 1 4 3 1 0
l2-29 l3-0b2 1 4 3 2 0
l2-29 l3-0b3 1 4 3 3 0
l2-29 l3-0b4 1 4 3 4 0
l2-29 l3-0b5 1 4 3 5 0
l2-29 l3-0b6 1 4 3 6 0
l2-29 l3-0b7 1 4 3 7 0
l2-29 l3-0b8 1 4 3 8 0
l2-29 l3-0b9 1 4 3 1 1
l2-29 l3-0b10 1 4 3 2 1
l2-29 l3-0b11 1 4 3 3 1
l2-29 l3-0b12 1 4 3 4 1
l2-29 l3-0b13 1 4 3 5 1
l2-29 l3-0b14 1 4 3 6 1
l2-29 l3-0b15 1 4 3 7 1
l2-29 l3-0b16 1 4 3 0 2
l2-29 l3-0b17 1 4 3 1 2
l2-29 l3-0b18 1 4 3 2 2
l2-29 l3-0b19 1 4 3 3 2
l2-29 l3-0b20 1 4 3 4 2
l2-29 l3-0b21 1 4 3 5 2
l2-29 l3-0b22 1 4 3 6 2
l2-29 l3-0b23 1 4 3 7 2
l2-29 l3-0b24 1 4 3 8 2
l2-29 l3-0b25 1 4 3 0 3
l2-29 l3-0b26 1 4 3 1 3
l2-29 l3-0b27 1 4 3 2 3
l2-29 l3-0b28 1 4 3 3 3
l2-29 l3-0b29 1 4 3 4 3
l2-29 l3-0b30 1 4 3 5 3
l2-29 l3-0b31 1 4 3 6 3
l2-29 l3-0b32 1 4 3 7 3
l2-29 l3-0b33 1 4 3 1 4
l2-29 l3-0b34 1 4 3 2 4
l2-29 l3-0b35 1 4 3 3 4
l2-29 l3-0b36 1 4 3 4 4
l2-29 l3-0b37 1 4 3 5 4
l2-29 l3-0b38 1 4 3 6 4
l2-29 l3-0b39 1 4 3 7 4
l2-29 l3-0b40 1 4 3 8 4
l2-29 l3-0b41 1 4 3 0 5
l2-29 l3-0b42 1 4 3 1 5
l2-29 l3-0b43 1 4 3 2 5
l2-29 l3-0b44 1 4 3 3 5
l2-29 l3-0b45 1 4 3 4 5
l2-29 l3-0b46 1 4 3 5 5
l2-29 l3-0b47 1 4 3 6 5
l2-29 l3-0b48 1 4 3 7 5
l2-29 l3-0b49 1 4 3 8 5
l2-29 l3-0b50 1 4 3 0 6
l2-29 l3-0b51 1 4 3 1 6
l2-29 l3-0b52 1 4 3 2 6
l2-29 l3-0b53 1 4 3 3 6
l2-29 l3-0b54 1 4 3 4 6
l2-29 l3-0b55 1 4 3 5 6
l2-29 l3-0b56 1 4 3 6 6
l2-29 l3-0b57 1 4 3 7 6
l2-29 l3-0b58 1 4 3 8 6
l2-29 l3-0b59 1 4 3 0 7
l2-29 l3-0b60 1 4 3 1 7
l2-29 l3-0b61 1 4 3 2 7
l2-29 l3-0b62 1 4 3 3 7
l2-29 l3-0b63 1 4 3 4 7
l1i-30 l2-30 0 0
l1d-30 l2-30 0 0
l1d-30 l2prefetcher-30 0 0
l2prefetcher-30 l2-30 0 0
l3-0b30 mem-0 1 5 3 0 1
l3-0b30 mem-1 1 5 3 0 1
l3-0b30 mem-2 1 5 3 0 8
l3-0b30 mem-3 1 5 3 0 8
l3-0b30 mem-4 1 5 3 8 1
l3-0b30 mem-5 1 5 3 8 1
l3-0b30 mem-6 1 5 3 8 7
l3-0b30 mem-7 1 5 3 8 7
l3-0b30 mem-8 1 5 3 0 4
l3-0b30 mem-9 1 5 3 0 4
l3-0b30 mem-10 1 5 3 8 3
l3-0b30 mem-11 1 5 3 8 3
l2-30 l3-0b0 1 5 3 0 0
l2-30 l3-0b1 1 5 3 1 0
l2-30 l3-0b2 1 5 3 2 0
l2-30 l3-0b3 1 5 3 3 0
l2-30 l3-0b4 1 5 3 4 0
l2-30 l3-0b5 1 5 3 5 0
l2-30 l3-0b6 1 5 3 6 0
l2-30 l3-0b7 1 5 3 7 0
l2-30 l3-0b8 1 5 3 8 0
l2-30 l3-0b9 1 5 3 1 1
l2-30 l3-0b10 1 5 3 2 1
l2-30 l3-0b11 1 5 3 3 1
l2-30 l3-0b12 1 5 3 4 1
l2-30 l3-0b13 1 5 3 5 1
l2-30 l3-0b14 1 5 3 6 1
l2-30 l3-0b15 1 5 3 7 1
l2-30 l3-0b16 1 5 3 0 2
l2-30 l3-0b17 1 5 3 1 2
l2-30 l3-0b18 1 5 3 2 2
l2-30 l3-0b19 1 5 3 3 2
l2-30 l3-0b20 1 5 3 4 2
l2-30 l3-0b21 1 5 3 5 2
l2-30 l3-0b22 1 5 3 6 2
l2-30 l3-0b23 1 5 3 7 2
l2-30 l3-0b24 1 5 3 8 2
l2-30 l3-0b25 1 5 3 0 3
l2-30 l3-0b26 1 5 3 1 3
l2-30 l3-0b27 1 5 3 2 3
l2-30 l3-0b28 1 5 3 3 3
l2-30 l3-0b29 1 5 3 4 3
l2-30 l3-0b30 1 5 3 5 3
l2-30 l3-0b31 1 5 3 6 3
l2-30 l3-0b32 1 5 3 7 3
l2-30 l3-0b33 1 5 3 1 4
l2-30 l3-0b34 1 5 3 2 4
l2-30 l3-0b35 1 5 3 3 4
l2-30 l3-0b36 1 5 3 4 4
l2-30 l3-0b37 1 5 3 5 4
l2-30 l3-0b38 1 5 3 6 4
l2-30 l3-0b39 1 5 3 7 4
l2-30 l3-0b40 1 5 3 8 4
l2-30 l3-0b41 1 5 3 0 5
l2-30 l3-0b42 1 5 3 1 5
l2-30 l3-0b43 1 5 3 2 5
l2-30 l3-0b44 1 5 3 3 5
l2-30 l3-0b45 1 5 3 4 5
l2-30 l3-0b46 1 5 3 5 5
l2-30 l3-0b47 1 5 3 6 5
l2-30 l3-0b48 1 5 3 7 5
l2-30 l3-0b49 1 5 3 8 5
l2-30 l3-0b50 1 5 3 0 6
l2-30 l3-0b51 1 5 3 1 6
l2-30 l3-0b52 1 5 3 2 6
l2-30 l3-0b53 1 5 3 3 6
l2-30 l3-0b54 1 5 3 4 6
l2-30 l3-0b55 1 5 3 5 6
l2-30 l3-0b56 1 5 3 6 6
l2-30 l3-0b57 1 5 3 7 6
l2-30 l3-0b58 1 5 3 8 6
l2-30 l3-0b59 1 5 3 0 7
l2-30 l3-0b60 1 5 3 1 7
l2-30 l3-0b61 1 5 3 2 7
l2-30 l3-0b62 1 5 3 3 7
l2-30 l3-0b63 1 5 3 4 7
l1i-31 l2-31 0 0
l1d-31 l2-31 0 0
l1d-31 l2prefetcher-31 0 0
l2prefetcher-31 l2-31 0 0
l3-0b31 mem-0 1 6 3 0 1
l3-0b31 mem-1 1 6 3 0 1
l3-0b31 mem-2 1 6 3 0 8
l3-0b31 mem-3 1 6 3 0 8
l3-0b31 mem-4 1 6 3 8 1
l3-0b31 mem-5 1 6 3 8 1
l3-0b31 mem-6 1 6 3 8 7
l3-0b31 mem-7 1 6 3 8 7
l3-0b31 mem-8 1 6 3 0 4
l3-0b31 mem-9 1 6 3 0 4
l3-0b31 mem-10 1 6 3 8 3
l3-0b31 mem-11 1 6 3 8 3
l2-31 l3-0b0 1 6 3 0 0
l2-31 l3-0b1 1 6 3 1 0
l2-31 l3-0b2 1 6 3 2 0
l2-31 l3-0b3 1 6 3 3 0
l2-31 l3-0b4 1 6 3 4 0
l2-31 l3-0b5 1 6 3 5 0
l2-31 l3-0b6 1 6 3 6 0
l2-31 l3-0b7 1 6 3 7 0
l2-31 l3-0b8 1 6 3 8 0
l2-31 l3-0b9 1 6 3 1 1
l2-31 l3-0b10 1 6 3 2 1
l2-31 l3-0b11 1 6 3 3 1
l2-31 l3-0b12 1 6 3 4 1
l2-31 l3-0b13 1 6 3 5 1
l2-31 l3-0b14 1 6 3 6 1
l2-31 l3-0b15 1 6 3 7 1
l2-31 l3-0b16 1 6 3 0 2
l2-31 l3-0b17 1 6 3 1 2
l2-31 l3-0b18 1 6 3 2 2
l2-31 l3-0b19 1 6 3 3 2
l2-31 l3-0b20 1 6 3 4 2
l2-31 l3-0b21 1 6 3 5 2
l2-31 l3-0b22 1 6 3 6 2
l2-31 l3-0b23 1 6 3 7 2
l2-31 l3-0b24 1 6 3 8 2
l2-31 l3-0b25 1 6 3 0 3
l2-31 l3-0b26 1 6 3 1 3
l2-31 l3-0b27 1 6 3 2 3
l2-31 l3-0b28 1 6 3 3 3
l2-31 l3-0b29 1 6 3 4 3
l2-31 l3-0b30 1 6 3 5 3
l2-31 l3-0b31 1 6 3 6 3
l2-31 l3-0b32 1 6 3 7 3
l2-31 l3-0b33 1 6 3 1 4
l2-31 l3-0b34 1 6 3 2 4
l2-31 l3-0b35 1 6 3 3 4
l2-31 l3-0b36 1 6 3 4 4
l2-31 l3-0b37 1 6 3 5 4
l2-31 l3-0b38 1 6 3 6 4
l2-31 l3-0b39 1 6 3 7 4
l2-31 l3-0b40 1 6 3 8 4
l2-31 l3-0b41 1 6 3 0 5
l2-31 l3-0b42 1 6 3 1 5
l2-31 l3-0b43 1 6 3 2 5
l2-31 l3-0b44 1 6 3 3 5
l2-31 l3-0b45 1 6 3 4 5
l2-31 l3-0b46 1 6 3 5 5
l2-31 l3-0b47 1 6 3 6 5
l2-31 l3-0b48 1 6 3 7 5
l2-31 l3-0b49 1 6 3 8 5
l2-31 l3-0b50 1 6 3 0 6
l2-31 l3-0b51 1 6 3 1 6
l2-31 l3-0b52 1 6 3 2 6
l2-31 l3-0b53 1 6 3 3 6
l2-31 l3-0b54 1 6 3 4 6
l2-31 l3-0b55 1 6 3 5 6
l2-31 l3-0b56 1 6 3 6 6
l2-31 l3-0b57 1 6 3 7 6
l2-31 l3-0b58 1 6 3 8 6
l2-31 l3-0b59 1 6 3 0 7
l2-31 l3-0b60 1 6 3 1 7
l2-31 l3-0b61 1 6 3 2 7
l2-31 l3-0b62 1 6 3 3 7
l2-31 l3-0b63 1 6 3 4 7
l1i-32 l2-32 0 0
l1d-32 l2-32 0 0
l1d-32 l2prefetcher-32 0 0
l2prefetcher-32 l2-32 0 0
l3-0b32 mem-0 1 7 3 0 1
l3-0b32 mem-1 1 7 3 0 1
l3-0b32 mem-2 1 7 3 0 8
l3-0b32 mem-3 1 7 3 0 8
l3-0b32 mem-4 1 7 3 8 1
l3-0b32 mem-5 1 7 3 8 1
l3-0b32 mem-6 1 7 3 8 7
l3-0b32 mem-7 1 7 3 8 7
l3-0b32 mem-8 1 7 3 0 4
l3-0b32 mem-9 1 7 3 0 4
l3-0b32 mem-10 1 7 3 8 3
l3-0b32 mem-11 1 7 3 8 3
l2-32 l3-0b0 1 7 3 0 0
l2-32 l3-0b1 1 7 3 1 0
l2-32 l3-0b2 1 7 3 2 0
l2-32 l3-0b3 1 7 3 3 0
l2-32 l3-0b4 1 7 3 4 0
l2-32 l3-0b5 1 7 3 5 0
l2-32 l3-0b6 1 7 3 6 0
l2-32 l3-0b7 1 7 3 7 0
l2-32 l3-0b8 1 7 3 8 0
l2-32 l3-0b9 1 7 3 1 1
l2-32 l3-0b10 1 7 3 2 1
l2-32 l3-0b11 1 7 3 3 1
l2-32 l3-0b12 1 7 3 4 1
l2-32 l3-0b13 1 7 3 5 1
l2-32 l3-0b14 1 7 3 6 1
l2-32 l3-0b15 1 7 3 7 1
l2-32 l3-0b16 1 7 3 0 2
l2-32 l3-0b17 1 7 3 1 2
l2-32 l3-0b18 1 7 3 2 2
l2-32 l3-0b19 1 7 3 3 2
l2-32 l3-0b20 1 7 3 4 2
l2-32 l3-0b21 1 7 3 5 2
l2-32 l3-0b22 1 7 3 6 2
l2-32 l3-0b23 1 7 3 7 2
l2-32 l3-0b24 1 7 3 8 2
l2-32 l3-0b25 1 7 3 0 3
l2-32 l3-0b26 1 7 3 1 3
l2-32 l3-0b27 1 7 3 2 3
l2-32 l3-0b28 1 7 3 3 3
l2-32 l3-0b29 1 7 3 4 3
l2-32 l3-0b30 1 7 3 5 3
l2-32 l3-0b31 1 7 3 6 3
l2-32 l3-0b32 1 7 3 7 3
l2-32 l3-0b33 1 7 3 1 4
l2-32 l3-0b34 1 7 3 2 4
l2-32 l3-0b35 1 7 3 3 4
l2-32 l3-0b36 1 7 3 4 4
l2-32 l3-0b37 1 7 3 5 4
l2-32 l3-0b38 1 7 3 6 4
l2-32 l3-0b39 1 7 3 7 4
l2-32 l3-0b40 1 7 3 8 4
l2-32 l3-0b41 1 7 3 0 5
l2-32 l3-0b42 1 7 3 1 5
l2-32 l3-0b43 1 7 3 2 5
l2-32 l3-0b44 1 7 3 3 5
l2-32 l3-0b45 1 7 3 4 5
l2-32 l3-0b46 1 7 3 5 5
l2-32 l3-0b47 1 7 3 6 5
l2-32 l3-0b48 1 7 3 7 5
l2-32 l3-0b49 1 7 3 8 5
l2-32 l3-0b50 1 7 3 0 6
l2-32 l3-0b51 1 7 3 1 6
l2-32 l3-0b52 1 7 3 2 6
l2-32 l3-0b53 1 7 3 3 6
l2-32 l3-0b54 1 7 3 4 6
l2-32 l3-0b55 1 7 3 5 6
l2-32 l3-0b56 1 7 3 6 6
l2-32 l3-0b57 1 7 3 7 6
l2-32 l3-0b58 1 7 3 8 6
l2-32 l3-0b59 1 7 3 0 7
l2-32 l3-0b60 1 7 3 1 7
l2-32 l3-0b61 1 7 3 2 7
l2-32 l3-0b62 1 7 3 3 7
l2-32 l3-0b63 1 7 3 4 7
l1i-33 l2-33 0 0
l1d-33 l2-33 0 0
l1d-33 l2prefetcher-33 0 0
l2prefetcher-33 l2-33 0 0
l3-0b33 mem-0 1 1 4 0 1
l3-0b33 mem-1 1 1 4 0 1
l3-0b33 mem-2 1 1 4 0 8
l3-0b33 mem-3 1 1 4 0 8
l3-0b33 mem-4 1 1 4 8 1
l3-0b33 mem-5 1 1 4 8 1
l3-0b33 mem-6 1 1 4 8 7
l3-0b33 mem-7 1 1 4 8 7
l3-0b33 mem-8 1 1 4 0 4
l3-0b33 mem-9 1 1 4 0 4
l3-0b33 mem-10 1 1 4 8 3
l3-0b33 mem-11 1 1 4 8 3
l2-33 l3-0b0 1 1 4 0 0
l2-33 l3-0b1 1 1 4 1 0
l2-33 l3-0b2 1 1 4 2 0
l2-33 l3-0b3 1 1 4 3 0
l2-33 l3-0b4 1 1 4 4 0
l2-33 l3-0b5 1 1 4 5 0
l2-33 l3-0b6 1 1 4 6 0
l2-33 l3-0b7 1 1 4 7 0
l2-33 l3-0b8 1 1 4 8 0
l2-33 l3-0b9 1 1 4 1 1
l2-33 l3-0b10 1 1 4 2 1
l2-33 l3-0b11 1 1 4 3 1
l2-33 l3-0b12 1 1 4 4 1
l2-33 l3-0b13 1 1 4 5 1
l2-33 l3-0b14 1 1 4 6 1
l2-33 l3-0b15 1 1 4 7 1
l2-33 l3-0b16 1 1 4 0 2
l2-33 l3-0b17 1 1 4 1 2
l2-33 l3-0b18 1 1 4 2 2
l2-33 l3-0b19 1 1 4 3 2
l2-33 l3-0b20 1 1 4 4 2
l2-33 l3-0b21 1 1 4 5 2
l2-33 l3-0b22 1 1 4 6 2
l2-33 l3-0b23 1 1 4 7 2
l2-33 l3-0b24 1 1 4 8 2
l2-33 l3-0b25 1 1 4 0 3
l2-33 l3-0b26 1 1 4 1 3
l2-33 l3-0b27 1 1 4 2 3
l2-33 l3-0b28 1 1 4 3 3
l2-33 l3-0b29 1 1 4 4 3
l2-33 l3-0b30 1 1 4 5 3
l2-33 l3-0b31 1 1 4 6 3
l2-33 l3-0b32 1 1 4 7 3
l2-33 l3-0b33 1 1 4 1 4
l2-33 l3-0b34 1 1 4 2 4
l2-33 l3-0b35 1 1 4 3 4
l2-33 l3-0b36 1 1 4 4 4
l2-33 l3-0b37 1 1 4 5 4
l2-33 l3-0b38 1 1 4 6 4
l2-33 l3-0b39 1 1 4 7 4
l2-33 l3-0b40 1 1 4 8 4
l2-33 l3-0b41 1 1 4 0 5
l2-33 l3-0b42 1 1 4 1 5
l2-33 l3-0b43 1 1 4 2 5
l2-33 l3-0b44 1 1 4 3 5
l2-33 l3-0b45 1 1 4 4 5
l2-33 l3-0b46 1 1 4 5 5
l2-33 l3-0b47 1 1 4 6 5
l2-33 l3-0b48 1 1 4 7 5
l2-33 l3-0b49 1 1 4 8 5
l2-33 l3-0b50 1 1 4 0 6
l2-33 l3-0b51 1 1 4 1 6
l2-33 l3-0b52 1 1 4 2 6
l2-33 l3-0b53 1 1 4 3 6
l2-33 l3-0b54 1 1 4 4 6
l2-33 l3-0b55 1 1 4 5 6
l2-33 l3-0b56 1 1 4 6 6
l2-33 l3-0b57 1 1 4 7 6
l2-33 l3-0b58 1 1 4 8 6
l2-33 l3-0b59 1 1 4 0 7
l2-33 l3-0b60 1 1 4 1 7
l2-33 l3-0b61 1 1 4 2 7
l2-33 l3-0b62 1 1 4 3 7
l2-33 l3-0b63 1 1 4 4 7
l1i-34 l2-34 0 0
l1d-34 l2-34 0 0
l1d-34 l2prefetcher-34 0 0
l2prefetcher-34 l2-34 0 0
l3-0b34 mem-0 1 2 4 0 1
l3-0b34 mem-1 1 2 4 0 1
l3-0b34 mem-2 1 2 4 0 8
l3-0b34 mem-3 1 2 4 0 8
l3-0b34 mem-4 1 2 4 8 1
l3-0b34 mem-5 1 2 4 8 1
l3-0b34 mem-6 1 2 4 8 7
l3-0b34 mem-7 1 2 4 8 7
l3-0b34 mem-8 1 2 4 0 4
l3-0b34 mem-9 1 2 4 0 4
l3-0b34 mem-10 1 2 4 8 3
l3-0b34 mem-11 1 2 4 8 3
l2-34 l3-0b0 1 2 4 0 0
l2-34 l3-0b1 1 2 4 1 0
l2-34 l3-0b2 1 2 4 2 0
l2-34 l3-0b3 1 2 4 3 0
l2-34 l3-0b4 1 2 4 4 0
l2-34 l3-0b5 1 2 4 5 0
l2-34 l3-0b6 1 2 4 6 0
l2-34 l3-0b7 1 2 4 7 0
l2-34 l3-0b8 1 2 4 8 0
l2-34 l3-0b9 1 2 4 1 1
l2-34 l3-0b10 1 2 4 2 1
l2-34 l3-0b11 1 2 4 3 1
l2-34 l3-0b12 1 2 4 4 1
l2-34 l3-0b13 1 2 4 5 1
l2-34 l3-0b14 1 2 4 6 1
l2-34 l3-0b15 1 2 4 7 1
l2-34 l3-0b16 1 2 4 0 2
l2-34 l3-0b17 1 2 4 1 2
l2-34 l3-0b18 1 2 4 2 2
l2-34 l3-0b19 1 2 4 3 2
l2-34 l3-0b20 1 2 4 4 2
l2-34 l3-0b21 1 2 4 5 2
l2-34 l3-0b22 1 2 4 6 2
l2-34 l3-0b23 1 2 4 7 2
l2-34 l3-0b24 1 2 4 8 2
l2-34 l3-0b25 1 2 4 0 3
l2-34 l3-0b26 1 2 4 1 3
l2-34 l3-0b27 1 2 4 2 3
l2-34 l3-0b28 1 2 4 3 3
l2-34 l3-0b29 1 2 4 4 3
l2-34 l3-0b30 1 2 4 5 3
l2-34 l3-0b31 1 2 4 6 3
l2-34 l3-0b32 1 2 4 7 3
l2-34 l3-0b33 1 2 4 1 4
l2-34 l3-0b34 1 2 4 2 4
l2-34 l3-0b35 1 2 4 3 4
l2-34 l3-0b36 1 2 4 4 4
l2-34 l3-0b37 1 2 4 5 4
l2-34 l3-0b38 1 2 4 6 4
l2-34 l3-0b39 1 2 4 7 4
l2-34 l3-0b40 1 2 4 8 4
l2-34 l3-0b41 1 2 4 0 5
l2-34 l3-0b42 1 2 4 1 5
l2-34 l3-0b43 1 2 4 2 5
l2-34 l3-0b44 1 2 4 3 5
l2-34 l3-0b45 1 2 4 4 5
l2-34 l3-0b46 1 2 4 5 5
l2-34 l3-0b47 1 2 4 6 5
l2-34 l3-0b48 1 2 4 7 5
l2-34 l3-0b49 1 2 4 8 5
l2-34 l3-0b50 1 2 4 0 6
l2-34 l3-0b51 1 2 4 1 6
l2-34 l3-0b52 1 2 4 2 6
l2-34 l3-0b53 1 2 4 3 6
l2-34 l3-0b54 1 2 4 4 6
l2-34 l3-0b55 1 2 4 5 6
l2-34 l3-0b56 1 2 4 6 6
l2-34 l3-0b57 1 2 4 7 6
l2-34 l3-0b58 1 2 4 8 6
l2-34 l3-0b59 1 2 4 0 7
l2-34 l3-0b60 1 2 4 1 7
l2-34 l3-0b61 1 2 4 2 7
l2-34 l3-0b62 1 2 4 3 7
l2-34 l3-0b63 1 2 4 4 7
l1i-35 l2-35 0 0
l1d-35 l2-35 0 0
l1d-35 l2prefetcher-35 0 0
l2prefetcher-35 l2-35 0 0
l3-0b35 mem-0 1 3 4 0 1
l3-0b35 mem-1 1 3 4 0 1
l3-0b35 mem-2 1 3 4 0 8
l3-0b35 mem-3 1 3 4 0 8
l3-0b35 mem-4 1 3 4 8 1
l3-0b35 mem-5 1 3 4 8 1
l3-0b35 mem-6 1 3 4 8 7
l3-0b35 mem-7 1 3 4 8 7
l3-0b35 mem-8 1 3 4 0 4
l3-0b35 mem-9 1 3 4 0 4
l3-0b35 mem-10 1 3 4 8 3
l3-0b35 mem-11 1 3 4 8 3
l2-35 l3-0b0 1 3 4 0 0
l2-35 l3-0b1 1 3 4 1 0
l2-35 l3-0b2 1 3 4 2 0
l2-35 l3-0b3 1 3 4 3 0
l2-35 l3-0b4 1 3 4 4 0
l2-35 l3-0b5 1 3 4 5 0
l2-35 l3-0b6 1 3 4 6 0
l2-35 l3-0b7 1 3 4 7 0
l2-35 l3-0b8 1 3 4 8 0
l2-35 l3-0b9 1 3 4 1 1
l2-35 l3-0b10 1 3 4 2 1
l2-35 l3-0b11 1 3 4 3 1
l2-35 l3-0b12 1 3 4 4 1
l2-35 l3-0b13 1 3 4 5 1
l2-35 l3-0b14 1 3 4 6 1
l2-35 l3-0b15 1 3 4 7 1
l2-35 l3-0b16 1 3 4 0 2
l2-35 l3-0b17 1 3 4 1 2
l2-35 l3-0b18 1 3 4 2 2
l2-35 l3-0b19 1 3 4 3 2
l2-35 l3-0b20 1 3 4 4 2
l2-35 l3-0b21 1 3 4 5 2
l2-35 l3-0b22 1 3 4 6 2
l2-35 l3-0b23 1 3 4 7 2
l2-35 l3-0b24 1 3 4 8 2
l2-35 l3-0b25 1 3 4 0 3
l2-35 l3-0b26 1 3 4 1 3
l2-35 l3-0b27 1 3 4 2 3
l2-35 l3-0b28 1 3 4 3 3
l2-35 l3-0b29 1 3 4 4 3
l2-35 l3-0b30 1 3 4 5 3
l2-35 l3-0b31 1 3 4 6 3
l2-35 l3-0b32 1 3 4 7 3
l2-35 l3-0b33 1 3 4 1 4
l2-35 l3-0b34 1 3 4 2 4
l2-35 l3-0b35 1 3 4 3 4
l2-35 l3-0b36 1 3 4 4 4
l2-35 l3-0b37 1 3 4 5 4
l2-35 l3-0b38 1 3 4 6 4
l2-35 l3-0b39 1 3 4 7 4
l2-35 l3-0b40 1 3 4 8 4
l2-35 l3-0b41 1 3 4 0 5
l2-35 l3-0b42 1 3 4 1 5
l2-35 l3-0b43 1 3 4 2 5
l2-35 l3-0b44 1 3 4 3 5
l2-35 l3-0b45 1 3 4 4 5
l2-35 l3-0b46 1 3 4 5 5
l2-35 l3-0b47 1 3 4 6 5
l2-35 l3-0b48 1 3 4 7 5
l2-35 l3-0b49 1 3 4 8 5
l2-35 l3-0b50 1 3 4 0 6
l2-35 l3-0b51 1 3 4 1 6
l2-35 l3-0b52 1 3 4 2 6
l2-35 l3-0b53 1 3 4 3 6
l2-35 l3-0b54 1 3 4 4 6
l2-35 l3-0b55 1 3 4 5 6
l2-35 l3-0b56 1 3 4 6 6
l2-35 l3-0b57 1 3 4 7 6
l2-35 l3-0b58 1 3 4 8 6
l2-35 l3-0b59 1 3 4 0 7
l2-35 l3-0b60 1 3 4 1 7
l2-35 l3-0b61 1 3 4 2 7
l2-35 l3-0b62 1 3 4 3 7
l2-35 l3-0b63 1 3 4 4 7
l1i-36 l2-36 0 0
l1d-36 l2-36 0 0
l1d-36 l2prefetcher-36 0 0
l2prefetcher-36 l2-36 0 0
l3-0b36 mem-0 1 4 4 0 1
l3-0b36 mem-1 1 4 4 0 1
l3-0b36 mem-2 1 4 4 0 8
l3-0b36 mem-3 1 4 4 0 8
l3-0b36 mem-4 1 4 4 8 1
l3-0b36 mem-5 1 4 4 8 1
l3-0b36 mem-6 1 4 4 8 7
l3-0b36 mem-7 1 4 4 8 7
l3-0b36 mem-8 1 4 4 0 4
l3-0b36 mem-9 1 4 4 0 4
l3-0b36 mem-10 1 4 4 8 3
l3-0b36 mem-11 1 4 4 8 3
l2-36 l3-0b0 1 4 4 0 0
l2-36 l3-0b1 1 4 4 1 0
l2-36 l3-0b2 1 4 4 2 0
l2-36 l3-0b3 1 4 4 3 0
l2-36 l3-0b4 1 4 4 4 0
l2-36 l3-0b5 1 4 4 5 0
l2-36 l3-0b6 1 4 4 6 0
l2-36 l3-0b7 1 4 4 7 0
l2-36 l3-0b8 1 4 4 8 0
l2-36 l3-0b9 1 4 4 1 1
l2-36 l3-0b10 1 4 4 2 1
l2-36 l3-0b11 1 4 4 3 1
l2-36 l3-0b12 1 4 4 4 1
l2-36 l3-0b13 1 4 4 5 1
l2-36 l3-0b14 1 4 4 6 1
l2-36 l3-0b15 1 4 4 7 1
l2-36 l3-0b16 1 4 4 0 2
l2-36 l3-0b17 1 4 4 1 2
l2-36 l3-0b18 1 4 4 2 2
l2-36 l3-0b19 1 4 4 3 2
l2-36 l3-0b20 1 4 4 4 2
l2-36 l3-0b21 1 4 4 5 2
l2-36 l3-0b22 1 4 4 6 2
l2-36 l3-0b23 1 4 4 7 2
l2-36 l3-0b24 1 4 4 8 2
l2-36 l3-0b25 1 4 4 0 3
l2-36 l3-0b26 1 4 4 1 3
l2-36 l3-0b27 1 4 4 2 3
l2-36 l3-0b28 1 4 4 3 3
l2-36 l3-0b29 1 4 4 4 3
l2-36 l3-0b30 1 4 4 5 3
l2-36 l3-0b31 1 4 4 6 3
l2-36 l3-0b32 1 4 4 7 3
l2-36 l3-0b33 1 4 4 1 4
l2-36 l3-0b34 1 4 4 2 4
l2-36 l3-0b35 1 4 4 3 4
l2-36 l3-0b36 1 4 4 4 4
l2-36 l3-0b37 1 4 4 5 4
l2-36 l3-0b38 1 4 4 6 4
l2-36 l3-0b39 1 4 4 7 4
l2-36 l3-0b40 1 4 4 8 4
l2-36 l3-0b41 1 4 4 0 5
l2-36 l3-0b42 1 4 4 1 5
l2-36 l3-0b43 1 4 4 2 5
l2-36 l3-0b44 1 4 4 3 5
l2-36 l3-0b45 1 4 4 4 5
l2-36 l3-0b46 1 4 4 5 5
l2-36 l3-0b47 1 4 4 6 5
l2-36 l3-0b48 1 4 4 7 5
l2-36 l3-0b49 1 4 4 8 5
l2-36 l3-0b50 1 4 4 0 6
l2-36 l3-0b51 1 4 4 1 6
l2-36 l3-0b52 1 4 4 2 6
l2-36 l3-0b53 1 4 4 3 6
l2-36 l3-0b54 1 4 4 4 6
l2-36 l3-0b55 1 4 4 5 6
l2-36 l3-0b56 1 4 4 6 6
l2-36 l3-0b57 1 4 4 7 6
l2-36 l3-0b58 1 4 4 8 6
l2-36 l3-0b59 1 4 4 0 7
l2-36 l3-0b60 1 4 4 1 7
l2-36 l3-0b61 1 4 4 2 7
l2-36 l3-0b62 1 4 4 3 7
l2-36 l3-0b63 1 4 4 4 7
l1i-37 l2-37 0 0
l1d-37 l2-37 0 0
l1d-37 l2prefetcher-37 0 0
l2prefetcher-37 l2-37 0 0
l3-0b37 mem-0 1 5 4 0 1
l3-0b37 mem-1 1 5 4 0 1
l3-0b37 mem-2 1 5 4 0 8
l3-0b37 mem-3 1 5 4 0 8
l3-0b37 mem-4 1 5 4 8 1
l3-0b37 mem-5 1 5 4 8 1
l3-0b37 mem-6 1 5 4 8 7
l3-0b37 mem-7 1 5 4 8 7
l3-0b37 mem-8 1 5 4 0 4
l3-0b37 mem-9 1 5 4 0 4
l3-0b37 mem-10 1 5 4 8 3
l3-0b37 mem-11 1 5 4 8 3
l2-37 l3-0b0 1 5 4 0 0
l2-37 l3-0b1 1 5 4 1 0
l2-37 l3-0b2 1 5 4 2 0
l2-37 l3-0b3 1 5 4 3 0
l2-37 l3-0b4 1 5 4 4 0
l2-37 l3-0b5 1 5 4 5 0
l2-37 l3-0b6 1 5 4 6 0
l2-37 l3-0b7 1 5 4 7 0
l2-37 l3-0b8 1 5 4 8 0
l2-37 l3-0b9 1 5 4 1 1
l2-37 l3-0b10 1 5 4 2 1
l2-37 l3-0b11 1 5 4 3 1
l2-37 l3-0b12 1 5 4 4 1
l2-37 l3-0b13 1 5 4 5 1
l2-37 l3-0b14 1 5 4 6 1
l2-37 l3-0b15 1 5 4 7 1
l2-37 l3-0b16 1 5 4 0 2
l2-37 l3-0b17 1 5 4 1 2
l2-37 l3-0b18 1 5 4 2 2
l2-37 l3-0b19 1 5 4 3 2
l2-37 l3-0b20 1 5 4 4 2
l2-37 l3-0b21 1 5 4 5 2
l2-37 l3-0b22 1 5 4 6 2
l2-37 l3-0b23 1 5 4 7 2
l2-37 l3-0b24 1 5 4 8 2
l2-37 l3-0b25 1 5 4 0 3
l2-37 l3-0b26 1 5 4 1 3
l2-37 l3-0b27 1 5 4 2 3
l2-37 l3-0b28 1 5 4 3 3
l2-37 l3-0b29 1 5 4 4 3
l2-37 l3-0b30 1 5 4 5 3
l2-37 l3-0b31 1 5 4 6 3
l2-37 l3-0b32 1 5 4 7 3
l2-37 l3-0b33 1 5 4 1 4
l2-37 l3-0b34 1 5 4 2 4
l2-37 l3-0b35 1 5 4 3 4
l2-37 l3-0b36 1 5 4 4 4
l2-37 l3-0b37 1 5 4 5 4
l2-37 l3-0b38 1 5 4 6 4
l2-37 l3-0b39 1 5 4 7 4
l2-37 l3-0b40 1 5 4 8 4
l2-37 l3-0b41 1 5 4 0 5
l2-37 l3-0b42 1 5 4 1 5
l2-37 l3-0b43 1 5 4 2 5
l2-37 l3-0b44 1 5 4 3 5
l2-37 l3-0b45 1 5 4 4 5
l2-37 l3-0b46 1 5 4 5 5
l2-37 l3-0b47 1 5 4 6 5
l2-37 l3-0b48 1 5 4 7 5
l2-37 l3-0b49 1 5 4 8 5
l2-37 l3-0b50 1 5 4 0 6
l2-37 l3-0b51 1 5 4 1 6
l2-37 l3-0b52 1 5 4 2 6
l2-37 l3-0b53 1 5 4 3 6
l2-37 l3-0b54 1 5 4 4 6
l2-37 l3-0b55 1 5 4 5 6
l2-37 l3-0b56 1 5 4 6 6
l2-37 l3-0b57 1 5 4 7 6
l2-37 l3-0b58 1 5 4 8 6
l2-37 l3-0b59 1 5 4 0 7
l2-37 l3-0b60 1 5 4 1 7
l2-37 l3-0b61 1 5 4 2 7
l2-37 l3-0b62 1 5 4 3 7
l2-37 l3-0b63 1 5 4 4 7
l1i-38 l2-38 0 0
l1d-38 l2-38 0 0
l1d-38 l2prefetcher-38 0 0
l2prefetcher-38 l2-38 0 0
l3-0b38 mem-0 1 6 4 0 1
l3-0b38 mem-1 1 6 4 0 1
l3-0b38 mem-2 1 6 4 0 8
l3-0b38 mem-3 1 6 4 0 8
l3-0b38 mem-4 1 6 4 8 1
l3-0b38 mem-5 1 6 4 8 1
l3-0b38 mem-6 1 6 4 8 7
l3-0b38 mem-7 1 6 4 8 7
l3-0b38 mem-8 1 6 4 0 4
l3-0b38 mem-9 1 6 4 0 4
l3-0b38 mem-10 1 6 4 8 3
l3-0b38 mem-11 1 6 4 8 3
l2-38 l3-0b0 1 6 4 0 0
l2-38 l3-0b1 1 6 4 1 0
l2-38 l3-0b2 1 6 4 2 0
l2-38 l3-0b3 1 6 4 3 0
l2-38 l3-0b4 1 6 4 4 0
l2-38 l3-0b5 1 6 4 5 0
l2-38 l3-0b6 1 6 4 6 0
l2-38 l3-0b7 1 6 4 7 0
l2-38 l3-0b8 1 6 4 8 0
l2-38 l3-0b9 1 6 4 1 1
l2-38 l3-0b10 1 6 4 2 1
l2-38 l3-0b11 1 6 4 3 1
l2-38 l3-0b12 1 6 4 4 1
l2-38 l3-0b13 1 6 4 5 1
l2-38 l3-0b14 1 6 4 6 1
l2-38 l3-0b15 1 6 4 7 1
l2-38 l3-0b16 1 6 4 0 2
l2-38 l3-0b17 1 6 4 1 2
l2-38 l3-0b18 1 6 4 2 2
l2-38 l3-0b19 1 6 4 3 2
l2-38 l3-0b20 1 6 4 4 2
l2-38 l3-0b21 1 6 4 5 2
l2-38 l3-0b22 1 6 4 6 2
l2-38 l3-0b23 1 6 4 7 2
l2-38 l3-0b24 1 6 4 8 2
l2-38 l3-0b25 1 6 4 0 3
l2-38 l3-0b26 1 6 4 1 3
l2-38 l3-0b27 1 6 4 2 3
l2-38 l3-0b28 1 6 4 3 3
l2-38 l3-0b29 1 6 4 4 3
l2-38 l3-0b30 1 6 4 5 3
l2-38 l3-0b31 1 6 4 6 3
l2-38 l3-0b32 1 6 4 7 3
l2-38 l3-0b33 1 6 4 1 4
l2-38 l3-0b34 1 6 4 2 4
l2-38 l3-0b35 1 6 4 3 4
l2-38 l3-0b36 1 6 4 4 4
l2-38 l3-0b37 1 6 4 5 4
l2-38 l3-0b38 1 6 4 6 4
l2-38 l3-0b39 1 6 4 7 4
l2-38 l3-0b40 1 6 4 8 4
l2-38 l3-0b41 1 6 4 0 5
l2-38 l3-0b42 1 6 4 1 5
l2-38 l3-0b43 1 6 4 2 5
l2-38 l3-0b44 1 6 4 3 5
l2-38 l3-0b45 1 6 4 4 5
l2-38 l3-0b46 1 6 4 5 5
l2-38 l3-0b47 1 6 4 6 5
l2-38 l3-0b48 1 6 4 7 5
l2-38 l3-0b49 1 6 4 8 5
l2-38 l3-0b50 1 6 4 0 6
l2-38 l3-0b51 1 6 4 1 6
l2-38 l3-0b52 1 6 4 2 6
l2-38 l3-0b53 1 6 4 3 6
l2-38 l3-0b54 1 6 4 4 6
l2-38 l3-0b55 1 6 4 5 6
l2-38 l3-0b56 1 6 4 6 6
l2-38 l3-0b57 1 6 4 7 6
l2-38 l3-0b58 1 6 4 8 6
l2-38 l3-0b59 1 6 4 0 7
l2-38 l3-0b60 1 6 4 1 7
l2-38 l3-0b61 1 6 4 2 7
l2-38 l3-0b62 1 6 4 3 7
l2-38 l3-0b63 1 6 4 4 7
l1i-39 l2-39 0 0
l1d-39 l2-39 0 0
l1d-39 l2prefetcher-39 0 0
l2prefetcher-39 l2-39 0 0
l3-0b39 mem-0 1 7 4 0 1
l3-0b39 mem-1 1 7 4 0 1
l3-0b39 mem-2 1 7 4 0 8
l3-0b39 mem-3 1 7 4 0 8
l3-0b39 mem-4 1 7 4 8 1
l3-0b39 mem-5 1 7 4 8 1
l3-0b39 mem-6 1 7 4 8 7
l3-0b39 mem-7 1 7 4 8 7
l3-0b39 mem-8 1 7 4 0 4
l3-0b39 mem-9 1 7 4 0 4
l3-0b39 mem-10 1 7 4 8 3
l3-0b39 mem-11 1 7 4 8 3
l2-39 l3-0b0 1 7 4 0 0
l2-39 l3-0b1 1 7 4 1 0
l2-39 l3-0b2 1 7 4 2 0
l2-39 l3-0b3 1 7 4 3 0
l2-39 l3-0b4 1 7 4 4 0
l2-39 l3-0b5 1 7 4 5 0
l2-39 l3-0b6 1 7 4 6 0
l2-39 l3-0b7 1 7 4 7 0
l2-39 l3-0b8 1 7 4 8 0
l2-39 l3-0b9 1 7 4 1 1
l2-39 l3-0b10 1 7 4 2 1
l2-39 l3-0b11 1 7 4 3 1
l2-39 l3-0b12 1 7 4 4 1
l2-39 l3-0b13 1 7 4 5 1
l2-39 l3-0b14 1 7 4 6 1
l2-39 l3-0b15 1 7 4 7 1
l2-39 l3-0b16 1 7 4 0 2
l2-39 l3-0b17 1 7 4 1 2
l2-39 l3-0b18 1 7 4 2 2
l2-39 l3-0b19 1 7 4 3 2
l2-39 l3-0b20 1 7 4 4 2
l2-39 l3-0b21 1 7 4 5 2
l2-39 l3-0b22 1 7 4 6 2
l2-39 l3-0b23 1 7 4 7 2
l2-39 l3-0b24 1 7 4 8 2
l2-39 l3-0b25 1 7 4 0 3
l2-39 l3-0b26 1 7 4 1 3
l2-39 l3-0b27 1 7 4 2 3
l2-39 l3-0b28 1 7 4 3 3
l2-39 l3-0b29 1 7 4 4 3
l2-39 l3-0b30 1 7 4 5 3
l2-39 l3-0b31 1 7 4 6 3
l2-39 l3-0b32 1 7 4 7 3
l2-39 l3-0b33 1 7 4 1 4
l2-39 l3-0b34 1 7 4 2 4
l2-39 l3-0b35 1 7 4 3 4
l2-39 l3-0b36 1 7 4 4 4
l2-39 l3-0b37 1 7 4 5 4
l2-39 l3-0b38 1 7 4 6 4
l2-39 l3-0b39 1 7 4 7 4
l2-39 l3-0b40 1 7 4 8 4
l2-39 l3-0b41 1 7 4 0 5
l2-39 l3-0b42 1 7 4 1 5
l2-39 l3-0b43 1 7 4 2 5
l2-39 l3-0b44 1 7 4 3 5
l2-39 l3-0b45 1 7 4 4 5
l2-39 l3-0b46 1 7 4 5 5
l2-39 l3-0b47 1 7 4 6 5
l2-39 l3-0b48 1 7 4 7 5
l2-39 l3-0b49 1 7 4 8 5
l2-39 l3-0b50 1 7 4 0 6
l2-39 l3-0b51 1 7 4 1 6
l2-39 l3-0b52 1 7 4 2 6
l2-39 l3-0b53 1 7 4 3 6
l2-39 l3-0b54 1 7 4 4 6
l2-39 l3-0b55 1 7 4 5 6
l2-39 l3-0b56 1 7 4 6 6
l2-39 l3-0b57 1 7 4 7 6
l2-39 l3-0b58 1 7 4 8 6
l2-39 l3-0b59 1 7 4 0 7
l2-39 l3-0b60 1 7 4 1 7
l2-39 l3-0b61 1 7 4 2 7
l2-39 l3-0b62 1 7 4 3 7
l2-39 l3-0b63 1 7 4 4 7
l1i-40 l2-40 0 0
l1d-40 l2-40 0 0
l1d-40 l2prefetcher-40 0 0
l2prefetcher-40 l2-40 0 0
l3-0b40 mem-0 1 8 4 0 1
l3-0b40 mem-1 1 8 4 0 1
l3-0b40 mem-2 1 8 4 0 8
l3-0b40 mem-3 1 8 4 0 8
l3-0b40 mem-4 1 8 4 8 1
l3-0b40 mem-5 1 8 4 8 1
l3-0b40 mem-6 1 8 4 8 7
l3-0b40 mem-7 1 8 4 8 7
l3-0b40 mem-8 1 8 4 0 4
l3-0b40 mem-9 1 8 4 0 4
l3-0b40 mem-10 1 8 4 8 3
l3-0b40 mem-11 1 8 4 8 3
l2-40 l3-0b0 1 8 4 0 0
l2-40 l3-0b1 1 8 4 1 0
l2-40 l3-0b2 1 8 4 2 0
l2-40 l3-0b3 1 8 4 3 0
l2-40 l3-0b4 1 8 4 4 0
l2-40 l3-0b5 1 8 4 5 0
l2-40 l3-0b6 1 8 4 6 0
l2-40 l3-0b7 1 8 4 7 0
l2-40 l3-0b8 1 8 4 8 0
l2-40 l3-0b9 1 8 4 1 1
l2-40 l3-0b10 1 8 4 2 1
l2-40 l3-0b11 1 8 4 3 1
l2-40 l3-0b12 1 8 4 4 1
l2-40 l3-0b13 1 8 4 5 1
l2-40 l3-0b14 1 8 4 6 1
l2-40 l3-0b15 1 8 4 7 1
l2-40 l3-0b16 1 8 4 0 2
l2-40 l3-0b17 1 8 4 1 2
l2-40 l3-0b18 1 8 4 2 2
l2-40 l3-0b19 1 8 4 3 2
l2-40 l3-0b20 1 8 4 4 2
l2-40 l3-0b21 1 8 4 5 2
l2-40 l3-0b22 1 8 4 6 2
l2-40 l3-0b23 1 8 4 7 2
l2-40 l3-0b24 1 8 4 8 2
l2-40 l3-0b25 1 8 4 0 3
l2-40 l3-0b26 1 8 4 1 3
l2-40 l3-0b27 1 8 4 2 3
l2-40 l3-0b28 1 8 4 3 3
l2-40 l3-0b29 1 8 4 4 3
l2-40 l3-0b30 1 8 4 5 3
l2-40 l3-0b31 1 8 4 6 3
l2-40 l3-0b32 1 8 4 7 3
l2-40 l3-0b33 1 8 4 1 4
l2-40 l3-0b34 1 8 4 2 4
l2-40 l3-0b35 1 8 4 3 4
l2-40 l3-0b36 1 8 4 4 4
l2-40 l3-0b37 1 8 4 5 4
l2-40 l3-0b38 1 8 4 6 4
l2-40 l3-0b39 1 8 4 7 4
l2-40 l3-0b40 1 8 4 8 4
l2-40 l3-0b41 1 8 4 0 5
l2-40 l3-0b42 1 8 4 1 5
l2-40 l3-0b43 1 8 4 2 5
l2-40 l3-0b44 1 8 4 3 5
l2-40 l3-0b45 1 8 4 4 5
l2-40 l3-0b46 1 8 4 5 5
l2-40 l3-0b47 1 8 4 6 5
l2-40 l3-0b48 1 8 4 7 5
l2-40 l3-0b49 1 8 4 8 5
l2-40 l3-0b50 1 8 4 0 6
l2-40 l3-0b51 1 8 4 1 6
l2-40 l3-0b52 1 8 4 2 6
l2-40 l3-0b53 1 8 4 3 6
l2-40 l3-0b54 1 8 4 4 6
l2-40 l3-0b55 1 8 4 5 6
l2-40 l3-0b56 1 8 4 6 6
l2-40 l3-0b57 1 8 4 7 6
l2-40 l3-0b58 1 8 4 8 6
l2-40 l3-0b59 1 8 4 0 7
l2-40 l3-0b60 1 8 4 1 7
l2-40 l3-0b61 1 8 4 2 7
l2-40 l3-0b62 1 8 4 3 7
l2-40 l3-0b63 1 8 4 4 7
l1i-41 l2-41 0 0
l1d-41 l2-41 0 0
l1d-41 l2prefetcher-41 0 0
l2prefetcher-41 l2-41 0 0
l3-0b41 mem-0 1 0 5 0 1
l3-0b41 mem-1 1 0 5 0 1
l3-0b41 mem-2 1 0 5 0 8
l3-0b41 mem-3 1 0 5 0 8
l3-0b41 mem-4 1 0 5 8 1
l3-0b41 mem-5 1 0 5 8 1
l3-0b41 mem-6 1 0 5 8 7
l3-0b41 mem-7 1 0 5 8 7
l3-0b41 mem-8 1 0 5 0 4
l3-0b41 mem-9 1 0 5 0 4
l3-0b41 mem-10 1 0 5 8 3
l3-0b41 mem-11 1 0 5 8 3
l2-41 l3-0b0 1 0 5 0 0
l2-41 l3-0b1 1 0 5 1 0
l2-41 l3-0b2 1 0 5 2 0
l2-41 l3-0b3 1 0 5 3 0
l2-41 l3-0b4 1 0 5 4 0
l2-41 l3-0b5 1 0 5 5 0
l2-41 l3-0b6 1 0 5 6 0
l2-41 l3-0b7 1 0 5 7 0
l2-41 l3-0b8 1 0 5 8 0
l2-41 l3-0b9 1 0 5 1 1
l2-41 l3-0b10 1 0 5 2 1
l2-41 l3-0b11 1 0 5 3 1
l2-41 l3-0b12 1 0 5 4 1
l2-41 l3-0b13 1 0 5 5 1
l2-41 l3-0b14 1 0 5 6 1
l2-41 l3-0b15 1 0 5 7 1
l2-41 l3-0b16 1 0 5 0 2
l2-41 l3-0b17 1 0 5 1 2
l2-41 l3-0b18 1 0 5 2 2
l2-41 l3-0b19 1 0 5 3 2
l2-41 l3-0b20 1 0 5 4 2
l2-41 l3-0b21 1 0 5 5 2
l2-41 l3-0b22 1 0 5 6 2
l2-41 l3-0b23 1 0 5 7 2
l2-41 l3-0b24 1 0 5 8 2
l2-41 l3-0b25 1 0 5 0 3
l2-41 l3-0b26 1 0 5 1 3
l2-41 l3-0b27 1 0 5 2 3
l2-41 l3-0b28 1 0 5 3 3
l2-41 l3-0b29 1 0 5 4 3
l2-41 l3-0b30 1 0 5 5 3
l2-41 l3-0b31 1 0 5 6 3
l2-41 l3-0b32 1 0 5 7 3
l2-41 l3-0b33 1 0 5 1 4
l2-41 l3-0b34 1 0 5 2 4
l2-41 l3-0b35 1 0 5 3 4
l2-41 l3-0b36 1 0 5 4 4
l2-41 l3-0b37 1 0 5 5 4
l2-41 l3-0b38 1 0 5 6 4
l2-41 l3-0b39 1 0 5 7 4
l2-41 l3-0b40 1 0 5 8 4
l2-41 l3-0b41 1 0 5 0 5
l2-41 l3-0b42 1 0 5 1 5
l2-41 l3-0b43 1 0 5 2 5
l2-41 l3-0b44 1 0 5 3 5
l2-41 l3-0b45 1 0 5 4 5
l2-41 l3-0b46 1 0 5 5 5
l2-41 l3-0b47 1 0 5 6 5
l2-41 l3-0b48 1 0 5 7 5
l2-41 l3-0b49 1 0 5 8 5
l2-41 l3-0b50 1 0 5 0 6
l2-41 l3-0b51 1 0 5 1 6
l2-41 l3-0b52 1 0 5 2 6
l2-41 l3-0b53 1 0 5 3 6
l2-41 l3-0b54 1 0 5 4 6
l2-41 l3-0b55 1 0 5 5 6
l2-41 l3-0b56 1 0 5 6 6
l2-41 l3-0b57 1 0 5 7 6
l2-41 l3-0b58 1 0 5 8 6
l2-41 l3-0b59 1 0 5 0 7
l2-41 l3-0b60 1 0 5 1 7
l2-41 l3-0b61 1 0 5 2 7
l2-41 l3-0b62 1 0 5 3 7
l2-41 l3-0b63 1 0 5 4 7
l1i-42 l2-42 0 0
l1d-42 l2-42 0 0
l1d-42 l2prefetcher-42 0 0
l2prefetcher-42 l2-42 0 0
l3-0b42 mem-0 1 1 5 0 1
l3-0b42 mem-1 1 1 5 0 1
l3-0b42 mem-2 1 1 5 0 8
l3-0b42 mem-3 1 1 5 0 8
l3-0b42 mem-4 1 1 5 8 1
l3-0b42 mem-5 1 1 5 8 1
l3-0b42 mem-6 1 1 5 8 7
l3-0b42 mem-7 1 1 5 8 7
l3-0b42 mem-8 1 1 5 0 4
l3-0b42 mem-9 1 1 5 0 4
l3-0b42 mem-10 1 1 5 8 3
l3-0b42 mem-11 1 1 5 8 3
l2-42 l3-0b0 1 1 5 0 0
l2-42 l3-0b1 1 1 5 1 0
l2-42 l3-0b2 1 1 5 2 0
l2-42 l3-0b3 1 1 5 3 0
l2-42 l3-0b4 1 1 5 4 0
l2-42 l3-0b5 1 1 5 5 0
l2-42 l3-0b6 1 1 5 6 0
l2-42 l3-0b7 1 1 5 7 0
l2-42 l3-0b8 1 1 5 8 0
l2-42 l3-0b9 1 1 5 1 1
l2-42 l3-0b10 1 1 5 2 1
l2-42 l3-0b11 1 1 5 3 1
l2-42 l3-0b12 1 1 5 4 1
l2-42 l3-0b13 1 1 5 5 1
l2-42 l3-0b14 1 1 5 6 1
l2-42 l3-0b15 1 1 5 7 1
l2-42 l3-0b16 1 1 5 0 2
l2-42 l3-0b17 1 1 5 1 2
l2-42 l3-0b18 1 1 5 2 2
l2-42 l3-0b19 1 1 5 3 2
l2-42 l3-0b20 1 1 5 4 2
l2-42 l3-0b21 1 1 5 5 2
l2-42 l3-0b22 1 1 5 6 2
l2-42 l3-0b23 1 1 5 7 2
l2-42 l3-0b24 1 1 5 8 2
l2-42 l3-0b25 1 1 5 0 3
l2-42 l3-0b26 1 1 5 1 3
l2-42 l3-0b27 1 1 5 2 3
l2-42 l3-0b28 1 1 5 3 3
l2-42 l3-0b29 1 1 5 4 3
l2-42 l3-0b30 1 1 5 5 3
l2-42 l3-0b31 1 1 5 6 3
l2-42 l3-0b32 1 1 5 7 3
l2-42 l3-0b33 1 1 5 1 4
l2-42 l3-0b34 1 1 5 2 4
l2-42 l3-0b35 1 1 5 3 4
l2-42 l3-0b36 1 1 5 4 4
l2-42 l3-0b37 1 1 5 5 4
l2-42 l3-0b38 1 1 5 6 4
l2-42 l3-0b39 1 1 5 7 4
l2-42 l3-0b40 1 1 5 8 4
l2-42 l3-0b41 1 1 5 0 5
l2-42 l3-0b42 1 1 5 1 5
l2-42 l3-0b43 1 1 5 2 5
l2-42 l3-0b44 1 1 5 3 5
l2-42 l3-0b45 1 1 5 4 5
l2-42 l3-0b46 1 1 5 5 5
l2-42 l3-0b47 1 1 5 6 5
l2-42 l3-0b48 1 1 5 7 5
l2-42 l3-0b49 1 1 5 8 5
l2-42 l3-0b50 1 1 5 0 6
l2-42 l3-0b51 1 1 5 1 6
l2-42 l3-0b52 1 1 5 2 6
l2-42 l3-0b53 1 1 5 3 6
l2-42 l3-0b54 1 1 5 4 6
l2-42 l3-0b55 1 1 5 5 6
l2-42 l3-0b56 1 1 5 6 6
l2-42 l3-0b57 1 1 5 7 6
l2-42 l3-0b58 1 1 5 8 6
l2-42 l3-0b59 1 1 5 0 7
l2-42 l3-0b60 1 1 5 1 7
l2-42 l3-0b61 1 1 5 2 7
l2-42 l3-0b62 1 1 5 3 7
l2-42 l3-0b63 1 1 5 4 7
l1i-43 l2-43 0 0
l1d-43 l2-43 0 0
l1d-43 l2prefetcher-43 0 0
l2prefetcher-43 l2-43 0 0
l3-0b43 mem-0 1 2 5 0 1
l3-0b43 mem-1 1 2 5 0 1
l3-0b43 mem-2 1 2 5 0 8
l3-0b43 mem-3 1 2 5 0 8
l3-0b43 mem-4 1 2 5 8 1
l3-0b43 mem-5 1 2 5 8 1
l3-0b43 mem-6 1 2 5 8 7
l3-0b43 mem-7 1 2 5 8 7
l3-0b43 mem-8 1 2 5 0 4
l3-0b43 mem-9 1 2 5 0 4
l3-0b43 mem-10 1 2 5 8 3
l3-0b43 mem-11 1 2 5 8 3
l2-43 l3-0b0 1 2 5 0 0
l2-43 l3-0b1 1 2 5 1 0
l2-43 l3-0b2 1 2 5 2 0
l2-43 l3-0b3 1 2 5 3 0
l2-43 l3-0b4 1 2 5 4 0
l2-43 l3-0b5 1 2 5 5 0
l2-43 l3-0b6 1 2 5 6 0
l2-43 l3-0b7 1 2 5 7 0
l2-43 l3-0b8 1 2 5 8 0
l2-43 l3-0b9 1 2 5 1 1
l2-43 l3-0b10 1 2 5 2 1
l2-43 l3-0b11 1 2 5 3 1
l2-43 l3-0b12 1 2 5 4 1
l2-43 l3-0b13 1 2 5 5 1
l2-43 l3-0b14 1 2 5 6 1
l2-43 l3-0b15 1 2 5 7 1
l2-43 l3-0b16 1 2 5 0 2
l2-43 l3-0b17 1 2 5 1 2
l2-43 l3-0b18 1 2 5 2 2
l2-43 l3-0b19 1 2 5 3 2
l2-43 l3-0b20 1 2 5 4 2
l2-43 l3-0b21 1 2 5 5 2
l2-43 l3-0b22 1 2 5 6 2
l2-43 l3-0b23 1 2 5 7 2
l2-43 l3-0b24 1 2 5 8 2
l2-43 l3-0b25 1 2 5 0 3
l2-43 l3-0b26 1 2 5 1 3
l2-43 l3-0b27 1 2 5 2 3
l2-43 l3-0b28 1 2 5 3 3
l2-43 l3-0b29 1 2 5 4 3
l2-43 l3-0b30 1 2 5 5 3
l2-43 l3-0b31 1 2 5 6 3
l2-43 l3-0b32 1 2 5 7 3
l2-43 l3-0b33 1 2 5 1 4
l2-43 l3-0b34 1 2 5 2 4
l2-43 l3-0b35 1 2 5 3 4
l2-43 l3-0b36 1 2 5 4 4
l2-43 l3-0b37 1 2 5 5 4
l2-43 l3-0b38 1 2 5 6 4
l2-43 l3-0b39 1 2 5 7 4
l2-43 l3-0b40 1 2 5 8 4
l2-43 l3-0b41 1 2 5 0 5
l2-43 l3-0b42 1 2 5 1 5
l2-43 l3-0b43 1 2 5 2 5
l2-43 l3-0b44 1 2 5 3 5
l2-43 l3-0b45 1 2 5 4 5
l2-43 l3-0b46 1 2 5 5 5
l2-43 l3-0b47 1 2 5 6 5
l2-43 l3-0b48 1 2 5 7 5
l2-43 l3-0b49 1 2 5 8 5
l2-43 l3-0b50 1 2 5 0 6
l2-43 l3-0b51 1 2 5 1 6
l2-43 l3-0b52 1 2 5 2 6
l2-43 l3-0b53 1 2 5 3 6
l2-43 l3-0b54 1 2 5 4 6
l2-43 l3-0b55 1 2 5 5 6
l2-43 l3-0b56 1 2 5 6 6
l2-43 l3-0b57 1 2 5 7 6
l2-43 l3-0b58 1 2 5 8 6
l2-43 l3-0b59 1 2 5 0 7
l2-43 l3-0b60 1 2 5 1 7
l2-43 l3-0b61 1 2 5 2 7
l2-43 l3-0b62 1 2 5 3 7
l2-43 l3-0b63 1 2 5 4 7
l1i-44 l2-44 0 0
l1d-44 l2-44 0 0
l1d-44 l2prefetcher-44 0 0
l2prefetcher-44 l2-44 0 0
l3-0b44 mem-0 1 3 5 0 1
l3-0b44 mem-1 1 3 5 0 1
l3-0b44 mem-2 1 3 5 0 8
l3-0b44 mem-3 1 3 5 0 8
l3-0b44 mem-4 1 3 5 8 1
l3-0b44 mem-5 1 3 5 8 1
l3-0b44 mem-6 1 3 5 8 7
l3-0b44 mem-7 1 3 5 8 7
l3-0b44 mem-8 1 3 5 0 4
l3-0b44 mem-9 1 3 5 0 4
l3-0b44 mem-10 1 3 5 8 3
l3-0b44 mem-11 1 3 5 8 3
l2-44 l3-0b0 1 3 5 0 0
l2-44 l3-0b1 1 3 5 1 0
l2-44 l3-0b2 1 3 5 2 0
l2-44 l3-0b3 1 3 5 3 0
l2-44 l3-0b4 1 3 5 4 0
l2-44 l3-0b5 1 3 5 5 0
l2-44 l3-0b6 1 3 5 6 0
l2-44 l3-0b7 1 3 5 7 0
l2-44 l3-0b8 1 3 5 8 0
l2-44 l3-0b9 1 3 5 1 1
l2-44 l3-0b10 1 3 5 2 1
l2-44 l3-0b11 1 3 5 3 1
l2-44 l3-0b12 1 3 5 4 1
l2-44 l3-0b13 1 3 5 5 1
l2-44 l3-0b14 1 3 5 6 1
l2-44 l3-0b15 1 3 5 7 1
l2-44 l3-0b16 1 3 5 0 2
l2-44 l3-0b17 1 3 5 1 2
l2-44 l3-0b18 1 3 5 2 2
l2-44 l3-0b19 1 3 5 3 2
l2-44 l3-0b20 1 3 5 4 2
l2-44 l3-0b21 1 3 5 5 2
l2-44 l3-0b22 1 3 5 6 2
l2-44 l3-0b23 1 3 5 7 2
l2-44 l3-0b24 1 3 5 8 2
l2-44 l3-0b25 1 3 5 0 3
l2-44 l3-0b26 1 3 5 1 3
l2-44 l3-0b27 1 3 5 2 3
l2-44 l3-0b28 1 3 5 3 3
l2-44 l3-0b29 1 3 5 4 3
l2-44 l3-0b30 1 3 5 5 3
l2-44 l3-0b31 1 3 5 6 3
l2-44 l3-0b32 1 3 5 7 3
l2-44 l3-0b33 1 3 5 1 4
l2-44 l3-0b34 1 3 5 2 4
l2-44 l3-0b35 1 3 5 3 4
l2-44 l3-0b36 1 3 5 4 4
l2-44 l3-0b37 1 3 5 5 4
l2-44 l3-0b38 1 3 5 6 4
l2-44 l3-0b39 1 3 5 7 4
l2-44 l3-0b40 1 3 5 8 4
l2-44 l3-0b41 1 3 5 0 5
l2-44 l3-0b42 1 3 5 1 5
l2-44 l3-0b43 1 3 5 2 5
l2-44 l3-0b44 1 3 5 3 5
l2-44 l3-0b45 1 3 5 4 5
l2-44 l3-0b46 1 3 5 5 5
l2-44 l3-0b47 1 3 5 6 5
l2-44 l3-0b48 1 3 5 7 5
l2-44 l3-0b49 1 3 5 8 5
l2-44 l3-0b50 1 3 5 0 6
l2-44 l3-0b51 1 3 5 1 6
l2-44 l3-0b52 1 3 5 2 6
l2-44 l3-0b53 1 3 5 3 6
l2-44 l3-0b54 1 3 5 4 6
l2-44 l3-0b55 1 3 5 5 6
l2-44 l3-0b56 1 3 5 6 6
l2-44 l3-0b57 1 3 5 7 6
l2-44 l3-0b58 1 3 5 8 6
l2-44 l3-0b59 1 3 5 0 7
l2-44 l3-0b60 1 3 5 1 7
l2-44 l3-0b61 1 3 5 2 7
l2-44 l3-0b62 1 3 5 3 7
l2-44 l3-0b63 1 3 5 4 7
l1i-45 l2-45 0 0
l1d-45 l2-45 0 0
l1d-45 l2prefetcher-45 0 0
l2prefetcher-45 l2-45 0 0
l3-0b45 mem-0 1 4 5 0 1
l3-0b45 mem-1 1 4 5 0 1
l3-0b45 mem-2 1 4 5 0 8
l3-0b45 mem-3 1 4 5 0 8
l3-0b45 mem-4 1 4 5 8 1
l3-0b45 mem-5 1 4 5 8 1
l3-0b45 mem-6 1 4 5 8 7
l3-0b45 mem-7 1 4 5 8 7
l3-0b45 mem-8 1 4 5 0 4
l3-0b45 mem-9 1 4 5 0 4
l3-0b45 mem-10 1 4 5 8 3
l3-0b45 mem-11 1 4 5 8 3
l2-45 l3-0b0 1 4 5 0 0
l2-45 l3-0b1 1 4 5 1 0
l2-45 l3-0b2 1 4 5 2 0
l2-45 l3-0b3 1 4 5 3 0
l2-45 l3-0b4 1 4 5 4 0
l2-45 l3-0b5 1 4 5 5 0
l2-45 l3-0b6 1 4 5 6 0
l2-45 l3-0b7 1 4 5 7 0
l2-45 l3-0b8 1 4 5 8 0
l2-45 l3-0b9 1 4 5 1 1
l2-45 l3-0b10 1 4 5 2 1
l2-45 l3-0b11 1 4 5 3 1
l2-45 l3-0b12 1 4 5 4 1
l2-45 l3-0b13 1 4 5 5 1
l2-45 l3-0b14 1 4 5 6 1
l2-45 l3-0b15 1 4 5 7 1
l2-45 l3-0b16 1 4 5 0 2
l2-45 l3-0b17 1 4 5 1 2
l2-45 l3-0b18 1 4 5 2 2
l2-45 l3-0b19 1 4 5 3 2
l2-45 l3-0b20 1 4 5 4 2
l2-45 l3-0b21 1 4 5 5 2
l2-45 l3-0b22 1 4 5 6 2
l2-45 l3-0b23 1 4 5 7 2
l2-45 l3-0b24 1 4 5 8 2
l2-45 l3-0b25 1 4 5 0 3
l2-45 l3-0b26 1 4 5 1 3
l2-45 l3-0b27 1 4 5 2 3
l2-45 l3-0b28 1 4 5 3 3
l2-45 l3-0b29 1 4 5 4 3
l2-45 l3-0b30 1 4 5 5 3
l2-45 l3-0b31 1 4 5 6 3
l2-45 l3-0b32 1 4 5 7 3
l2-45 l3-0b33 1 4 5 1 4
l2-45 l3-0b34 1 4 5 2 4
l2-45 l3-0b35 1 4 5 3 4
l2-45 l3-0b36 1 4 5 4 4
l2-45 l3-0b37 1 4 5 5 4
l2-45 l3-0b38 1 4 5 6 4
l2-45 l3-0b39 1 4 5 7 4
l2-45 l3-0b40 1 4 5 8 4
l2-45 l3-0b41 1 4 5 0 5
l2-45 l3-0b42 1 4 5 1 5
l2-45 l3-0b43 1 4 5 2 5
l2-45 l3-0b44 1 4 5 3 5
l2-45 l3-0b45 1 4 5 4 5
l2-45 l3-0b46 1 4 5 5 5
l2-45 l3-0b47 1 4 5 6 5
l2-45 l3-0b48 1 4 5 7 5
l2-45 l3-0b49 1 4 5 8 5
l2-45 l3-0b50 1 4 5 0 6
l2-45 l3-0b51 1 4 5 1 6
l2-45 l3-0b52 1 4 5 2 6
l2-45 l3-0b53 1 4 5 3 6
l2-45 l3-0b54 1 4 5 4 6
l2-45 l3-0b55 1 4 5 5 6
l2-45 l3-0b56 1 4 5 6 6
l2-45 l3-0b57 1 4 5 7 6
l2-45 l3-0b58 1 4 5 8 6
l2-45 l3-0b59 1 4 5 0 7
l2-45 l3-0b60 1 4 5 1 7
l2-45 l3-0b61 1 4 5 2 7
l2-45 l3-0b62 1 4 5 3 7
l2-45 l3-0b63 1 4 5 4 7
l1i-46 l2-46 0 0
l1d-46 l2-46 0 0
l1d-46 l2prefetcher-46 0 0
l2prefetcher-46 l2-46 0 0
l3-0b46 mem-0 1 5 5 0 1
l3-0b46 mem-1 1 5 5 0 1
l3-0b46 mem-2 1 5 5 0 8
l3-0b46 mem-3 1 5 5 0 8
l3-0b46 mem-4 1 5 5 8 1
l3-0b46 mem-5 1 5 5 8 1
l3-0b46 mem-6 1 5 5 8 7
l3-0b46 mem-7 1 5 5 8 7
l3-0b46 mem-8 1 5 5 0 4
l3-0b46 mem-9 1 5 5 0 4
l3-0b46 mem-10 1 5 5 8 3
l3-0b46 mem-11 1 5 5 8 3
l2-46 l3-0b0 1 5 5 0 0
l2-46 l3-0b1 1 5 5 1 0
l2-46 l3-0b2 1 5 5 2 0
l2-46 l3-0b3 1 5 5 3 0
l2-46 l3-0b4 1 5 5 4 0
l2-46 l3-0b5 1 5 5 5 0
l2-46 l3-0b6 1 5 5 6 0
l2-46 l3-0b7 1 5 5 7 0
l2-46 l3-0b8 1 5 5 8 0
l2-46 l3-0b9 1 5 5 1 1
l2-46 l3-0b10 1 5 5 2 1
l2-46 l3-0b11 1 5 5 3 1
l2-46 l3-0b12 1 5 5 4 1
l2-46 l3-0b13 1 5 5 5 1
l2-46 l3-0b14 1 5 5 6 1
l2-46 l3-0b15 1 5 5 7 1
l2-46 l3-0b16 1 5 5 0 2
l2-46 l3-0b17 1 5 5 1 2
l2-46 l3-0b18 1 5 5 2 2
l2-46 l3-0b19 1 5 5 3 2
l2-46 l3-0b20 1 5 5 4 2
l2-46 l3-0b21 1 5 5 5 2
l2-46 l3-0b22 1 5 5 6 2
l2-46 l3-0b23 1 5 5 7 2
l2-46 l3-0b24 1 5 5 8 2
l2-46 l3-0b25 1 5 5 0 3
l2-46 l3-0b26 1 5 5 1 3
l2-46 l3-0b27 1 5 5 2 3
l2-46 l3-0b28 1 5 5 3 3
l2-46 l3-0b29 1 5 5 4 3
l2-46 l3-0b30 1 5 5 5 3
l2-46 l3-0b31 1 5 5 6 3
l2-46 l3-0b32 1 5 5 7 3
l2-46 l3-0b33 1 5 5 1 4
l2-46 l3-0b34 1 5 5 2 4
l2-46 l3-0b35 1 5 5 3 4
l2-46 l3-0b36 1 5 5 4 4
l2-46 l3-0b37 1 5 5 5 4
l2-46 l3-0b38 1 5 5 6 4
l2-46 l3-0b39 1 5 5 7 4
l2-46 l3-0b40 1 5 5 8 4
l2-46 l3-0b41 1 5 5 0 5
l2-46 l3-0b42 1 5 5 1 5
l2-46 l3-0b43 1 5 5 2 5
l2-46 l3-0b44 1 5 5 3 5
l2-46 l3-0b45 1 5 5 4 5
l2-46 l3-0b46 1 5 5 5 5
l2-46 l3-0b47 1 5 5 6 5
l2-46 l3-0b48 1 5 5 7 5
l2-46 l3-0b49 1 5 5 8 5
l2-46 l3-0b50 1 5 5 0 6
l2-46 l3-0b51 1 5 5 1 6
l2-46 l3-0b52 1 5 5 2 6
l2-46 l3-0b53 1 5 5 3 6
l2-46 l3-0b54 1 5 5 4 6
l2-46 l3-0b55 1 5 5 5 6
l2-46 l3-0b56 1 5 5 6 6
l2-46 l3-0b57 1 5 5 7 6
l2-46 l3-0b58 1 5 5 8 6
l2-46 l3-0b59 1 5 5 0 7
l2-46 l3-0b60 1 5 5 1 7
l2-46 l3-0b61 1 5 5 2 7
l2-46 l3-0b62 1 5 5 3 7
l2-46 l3-0b63 1 5 5 4 7
l1i-47 l2-47 0 0
l1d-47 l2-47 0 0
l1d-47 l2prefetcher-47 0 0
l2prefetcher-47 l2-47 0 0
l3-0b47 mem-0 1 6 5 0 1
l3-0b47 mem-1 1 6 5 0 1
l3-0b47 mem-2 1 6 5 0 8
l3-0b47 mem-3 1 6 5 0 8
l3-0b47 mem-4 1 6 5 8 1
l3-0b47 mem-5 1 6 5 8 1
l3-0b47 mem-6 1 6 5 8 7
l3-0b47 mem-7 1 6 5 8 7
l3-0b47 mem-8 1 6 5 0 4
l3-0b47 mem-9 1 6 5 0 4
l3-0b47 mem-10 1 6 5 8 3
l3-0b47 mem-11 1 6 5 8 3
l2-47 l3-0b0 1 6 5 0 0
l2-47 l3-0b1 1 6 5 1 0
l2-47 l3-0b2 1 6 5 2 0
l2-47 l3-0b3 1 6 5 3 0
l2-47 l3-0b4 1 6 5 4 0
l2-47 l3-0b5 1 6 5 5 0
l2-47 l3-0b6 1 6 5 6 0
l2-47 l3-0b7 1 6 5 7 0
l2-47 l3-0b8 1 6 5 8 0
l2-47 l3-0b9 1 6 5 1 1
l2-47 l3-0b10 1 6 5 2 1
l2-47 l3-0b11 1 6 5 3 1
l2-47 l3-0b12 1 6 5 4 1
l2-47 l3-0b13 1 6 5 5 1
l2-47 l3-0b14 1 6 5 6 1
l2-47 l3-0b15 1 6 5 7 1
l2-47 l3-0b16 1 6 5 0 2
l2-47 l3-0b17 1 6 5 1 2
l2-47 l3-0b18 1 6 5 2 2
l2-47 l3-0b19 1 6 5 3 2
l2-47 l3-0b20 1 6 5 4 2
l2-47 l3-0b21 1 6 5 5 2
l2-47 l3-0b22 1 6 5 6 2
l2-47 l3-0b23 1 6 5 7 2
l2-47 l3-0b24 1 6 5 8 2
l2-47 l3-0b25 1 6 5 0 3
l2-47 l3-0b26 1 6 5 1 3
l2-47 l3-0b27 1 6 5 2 3
l2-47 l3-0b28 1 6 5 3 3
l2-47 l3-0b29 1 6 5 4 3
l2-47 l3-0b30 1 6 5 5 3
l2-47 l3-0b31 1 6 5 6 3
l2-47 l3-0b32 1 6 5 7 3
l2-47 l3-0b33 1 6 5 1 4
l2-47 l3-0b34 1 6 5 2 4
l2-47 l3-0b35 1 6 5 3 4
l2-47 l3-0b36 1 6 5 4 4
l2-47 l3-0b37 1 6 5 5 4
l2-47 l3-0b38 1 6 5 6 4
l2-47 l3-0b39 1 6 5 7 4
l2-47 l3-0b40 1 6 5 8 4
l2-47 l3-0b41 1 6 5 0 5
l2-47 l3-0b42 1 6 5 1 5
l2-47 l3-0b43 1 6 5 2 5
l2-47 l3-0b44 1 6 5 3 5
l2-47 l3-0b45 1 6 5 4 5
l2-47 l3-0b46 1 6 5 5 5
l2-47 l3-0b47 1 6 5 6 5
l2-47 l3-0b48 1 6 5 7 5
l2-47 l3-0b49 1 6 5 8 5
l2-47 l3-0b50 1 6 5 0 6
l2-47 l3-0b51 1 6 5 1 6
l2-47 l3-0b52 1 6 5 2 6
l2-47 l3-0b53 1 6 5 3 6
l2-47 l3-0b54 1 6 5 4 6
l2-47 l3-0b55 1 6 5 5 6
l2-47 l3-0b56 1 6 5 6 6
l2-47 l3-0b57 1 6 5 7 6
l2-47 l3-0b58 1 6 5 8 6
l2-47 l3-0b59 1 6 5 0 7
l2-47 l3-0b60 1 6 5 1 7
l2-47 l3-0b61 1 6 5 2 7
l2-47 l3-0b62 1 6 5 3 7
l2-47 l3-0b63 1 6 5 4 7
l1i-48 l2-48 0 0
l1d-48 l2-48 0 0
l1d-48 l2prefetcher-48 0 0
l2prefetcher-48 l2-48 0 0
l3-0b48 mem-0 1 7 5 0 1
l3-0b48 mem-1 1 7 5 0 1
l3-0b48 mem-2 1 7 5 0 8
l3-0b48 mem-3 1 7 5 0 8
l3-0b48 mem-4 1 7 5 8 1
l3-0b48 mem-5 1 7 5 8 1
l3-0b48 mem-6 1 7 5 8 7
l3-0b48 mem-7 1 7 5 8 7
l3-0b48 mem-8 1 7 5 0 4
l3-0b48 mem-9 1 7 5 0 4
l3-0b48 mem-10 1 7 5 8 3
l3-0b48 mem-11 1 7 5 8 3
l2-48 l3-0b0 1 7 5 0 0
l2-48 l3-0b1 1 7 5 1 0
l2-48 l3-0b2 1 7 5 2 0
l2-48 l3-0b3 1 7 5 3 0
l2-48 l3-0b4 1 7 5 4 0
l2-48 l3-0b5 1 7 5 5 0
l2-48 l3-0b6 1 7 5 6 0
l2-48 l3-0b7 1 7 5 7 0
l2-48 l3-0b8 1 7 5 8 0
l2-48 l3-0b9 1 7 5 1 1
l2-48 l3-0b10 1 7 5 2 1
l2-48 l3-0b11 1 7 5 3 1
l2-48 l3-0b12 1 7 5 4 1
l2-48 l3-0b13 1 7 5 5 1
l2-48 l3-0b14 1 7 5 6 1
l2-48 l3-0b15 1 7 5 7 1
l2-48 l3-0b16 1 7 5 0 2
l2-48 l3-0b17 1 7 5 1 2
l2-48 l3-0b18 1 7 5 2 2
l2-48 l3-0b19 1 7 5 3 2
l2-48 l3-0b20 1 7 5 4 2
l2-48 l3-0b21 1 7 5 5 2
l2-48 l3-0b22 1 7 5 6 2
l2-48 l3-0b23 1 7 5 7 2
l2-48 l3-0b24 1 7 5 8 2
l2-48 l3-0b25 1 7 5 0 3
l2-48 l3-0b26 1 7 5 1 3
l2-48 l3-0b27 1 7 5 2 3
l2-48 l3-0b28 1 7 5 3 3
l2-48 l3-0b29 1 7 5 4 3
l2-48 l3-0b30 1 7 5 5 3
l2-48 l3-0b31 1 7 5 6 3
l2-48 l3-0b32 1 7 5 7 3
l2-48 l3-0b33 1 7 5 1 4
l2-48 l3-0b34 1 7 5 2 4
l2-48 l3-0b35 1 7 5 3 4
l2-48 l3-0b36 1 7 5 4 4
l2-48 l3-0b37 1 7 5 5 4
l2-48 l3-0b38 1 7 5 6 4
l2-48 l3-0b39 1 7 5 7 4
l2-48 l3-0b40 1 7 5 8 4
l2-48 l3-0b41 1 7 5 0 5
l2-48 l3-0b42 1 7 5 1 5
l2-48 l3-0b43 1 7 5 2 5
l2-48 l3-0b44 1 7 5 3 5
l2-48 l3-0b45 1 7 5 4 5
l2-48 l3-0b46 1 7 5 5 5
l2-48 l3-0b47 1 7 5 6 5
l2-48 l3-0b48 1 7 5 7 5
l2-48 l3-0b49 1 7 5 8 5
l2-48 l3-0b50 1 7 5 0 6
l2-48 l3-0b51 1 7 5 1 6
l2-48 l3-0b52 1 7 5 2 6
l2-48 l3-0b53 1 7 5 3 6
l2-48 l3-0b54 1 7 5 4 6
l2-48 l3-0b55 1 7 5 5 6
l2-48 l3-0b56 1 7 5 6 6
l2-48 l3-0b57 1 7 5 7 6
l2-48 l3-0b58 1 7 5 8 6
l2-48 l3-0b59 1 7 5 0 7
l2-48 l3-0b60 1 7 5 1 7
l2-48 l3-0b61 1 7 5 2 7
l2-48 l3-0b62 1 7 5 3 7
l2-48 l3-0b63 1 7 5 4 7
l1i-49 l2-49 0 0
l1d-49 l2-49 0 0
l1d-49 l2prefetcher-49 0 0
l2prefetcher-49 l2-49 0 0
l3-0b49 mem-0 1 8 5 0 1
l3-0b49 mem-1 1 8 5 0 1
l3-0b49 mem-2 1 8 5 0 8
l3-0b49 mem-3 1 8 5 0 8
l3-0b49 mem-4 1 8 5 8 1
l3-0b49 mem-5 1 8 5 8 1
l3-0b49 mem-6 1 8 5 8 7
l3-0b49 mem-7 1 8 5 8 7
l3-0b49 mem-8 1 8 5 0 4
l3-0b49 mem-9 1 8 5 0 4
l3-0b49 mem-10 1 8 5 8 3
l3-0b49 mem-11 1 8 5 8 3
l2-49 l3-0b0 1 8 5 0 0
l2-49 l3-0b1 1 8 5 1 0
l2-49 l3-0b2 1 8 5 2 0
l2-49 l3-0b3 1 8 5 3 0
l2-49 l3-0b4 1 8 5 4 0
l2-49 l3-0b5 1 8 5 5 0
l2-49 l3-0b6 1 8 5 6 0
l2-49 l3-0b7 1 8 5 7 0
l2-49 l3-0b8 1 8 5 8 0
l2-49 l3-0b9 1 8 5 1 1
l2-49 l3-0b10 1 8 5 2 1
l2-49 l3-0b11 1 8 5 3 1
l2-49 l3-0b12 1 8 5 4 1
l2-49 l3-0b13 1 8 5 5 1
l2-49 l3-0b14 1 8 5 6 1
l2-49 l3-0b15 1 8 5 7 1
l2-49 l3-0b16 1 8 5 0 2
l2-49 l3-0b17 1 8 5 1 2
l2-49 l3-0b18 1 8 5 2 2
l2-49 l3-0b19 1 8 5 3 2
l2-49 l3-0b20 1 8 5 4 2
l2-49 l3-0b21 1 8 5 5 2
l2-49 l3-0b22 1 8 5 6 2
l2-49 l3-0b23 1 8 5 7 2
l2-49 l3-0b24 1 8 5 8 2
l2-49 l3-0b25 1 8 5 0 3
l2-49 l3-0b26 1 8 5 1 3
l2-49 l3-0b27 1 8 5 2 3
l2-49 l3-0b28 1 8 5 3 3
l2-49 l3-0b29 1 8 5 4 3
l2-49 l3-0b30 1 8 5 5 3
l2-49 l3-0b31 1 8 5 6 3
l2-49 l3-0b32 1 8 5 7 3
l2-49 l3-0b33 1 8 5 1 4
l2-49 l3-0b34 1 8 5 2 4
l2-49 l3-0b35 1 8 5 3 4
l2-49 l3-0b36 1 8 5 4 4
l2-49 l3-0b37 1 8 5 5 4
l2-49 l3-0b38 1 8 5 6 4
l2-49 l3-0b39 1 8 5 7 4
l2-49 l3-0b40 1 8 5 8 4
l2-49 l3-0b41 1 8 5 0 5
l2-49 l3-0b42 1 8 5 1 5
l2-49 l3-0b43 1 8 5 2 5
l2-49 l3-0b44 1 8 5 3 5
l2-49 l3-0b45 1 8 5 4 5
l2-49 l3-0b46 1 8 5 5 5
l2-49 l3-0b47 1 8 5 6 5
l2-49 l3-0b48 1 8 5 7 5
l2-49 l3-0b49 1 8 5 8 5
l2-49 l3-0b50 1 8 5 0 6
l2-49 l3-0b51 1 8 5 1 6
l2-49 l3-0b52 1 8 5 2 6
l2-49 l3-0b53 1 8 5 3 6
l2-49 l3-0b54 1 8 5 4 6
l2-49 l3-0b55 1 8 5 5 6
l2-49 l3-0b56 1 8 5 6 6
l2-49 l3-0b57 1 8 5 7 6
l2-49 l3-0b58 1 8 5 8 6
l2-49 l3-0b59 1 8 5 0 7
l2-49 l3-0b60 1 8 5 1 7
l2-49 l3-0b61 1 8 5 2 7
l2-49 l3-0b62 1 8 5 3 7
l2-49 l3-0b63 1 8 5 4 7
l1i-50 l2-50 0 0
l1d-50 l2-50 0 0
l1d-50 l2prefetcher-50 0 0
l2prefetcher-50 l2-50 0 0
l3-0b50 mem-0 1 0 6 0 1
l3-0b50 mem-1 1 0 6 0 1
l3-0b50 mem-2 1 0 6 0 8
l3-0b50 mem-3 1 0 6 0 8
l3-0b50 mem-4 1 0 6 8 1
l3-0b50 mem-5 1 0 6 8 1
l3-0b50 mem-6 1 0 6 8 7
l3-0b50 mem-7 1 0 6 8 7
l3-0b50 mem-8 1 0 6 0 4
l3-0b50 mem-9 1 0 6 0 4
l3-0b50 mem-10 1 0 6 8 3
l3-0b50 mem-11 1 0 6 8 3
l2-50 l3-0b0 1 0 6 0 0
l2-50 l3-0b1 1 0 6 1 0
l2-50 l3-0b2 1 0 6 2 0
l2-50 l3-0b3 1 0 6 3 0
l2-50 l3-0b4 1 0 6 4 0
l2-50 l3-0b5 1 0 6 5 0
l2-50 l3-0b6 1 0 6 6 0
l2-50 l3-0b7 1 0 6 7 0
l2-50 l3-0b8 1 0 6 8 0
l2-50 l3-0b9 1 0 6 1 1
l2-50 l3-0b10 1 0 6 2 1
l2-50 l3-0b11 1 0 6 3 1
l2-50 l3-0b12 1 0 6 4 1
l2-50 l3-0b13 1 0 6 5 1
l2-50 l3-0b14 1 0 6 6 1
l2-50 l3-0b15 1 0 6 7 1
l2-50 l3-0b16 1 0 6 0 2
l2-50 l3-0b17 1 0 6 1 2
l2-50 l3-0b18 1 0 6 2 2
l2-50 l3-0b19 1 0 6 3 2
l2-50 l3-0b20 1 0 6 4 2
l2-50 l3-0b21 1 0 6 5 2
l2-50 l3-0b22 1 0 6 6 2
l2-50 l3-0b23 1 0 6 7 2
l2-50 l3-0b24 1 0 6 8 2
l2-50 l3-0b25 1 0 6 0 3
l2-50 l3-0b26 1 0 6 1 3
l2-50 l3-0b27 1 0 6 2 3
l2-50 l3-0b28 1 0 6 3 3
l2-50 l3-0b29 1 0 6 4 3
l2-50 l3-0b30 1 0 6 5 3
l2-50 l3-0b31 1 0 6 6 3
l2-50 l3-0b32 1 0 6 7 3
l2-50 l3-0b33 1 0 6 1 4
l2-50 l3-0b34 1 0 6 2 4
l2-50 l3-0b35 1 0 6 3 4
l2-50 l3-0b36 1 0 6 4 4
l2-50 l3-0b37 1 0 6 5 4
l2-50 l3-0b38 1 0 6 6 4
l2-50 l3-0b39 1 0 6 7 4
l2-50 l3-0b40 1 0 6 8 4
l2-50 l3-0b41 1 0 6 0 5
l2-50 l3-0b42 1 0 6 1 5
l2-50 l3-0b43 1 0 6 2 5
l2-50 l3-0b44 1 0 6 3 5
l2-50 l3-0b45 1 0 6 4 5
l2-50 l3-0b46 1 0 6 5 5
l2-50 l3-0b47 1 0 6 6 5
l2-50 l3-0b48 1 0 6 7 5
l2-50 l3-0b49 1 0 6 8 5
l2-50 l3-0b50 1 0 6 0 6
l2-50 l3-0b51 1 0 6 1 6
l2-50 l3-0b52 1 0 6 2 6
l2-50 l3-0b53 1 0 6 3 6
l2-50 l3-0b54 1 0 6 4 6
l2-50 l3-0b55 1 0 6 5 6
l2-50 l3-0b56 1 0 6 6 6
l2-50 l3-0b57 1 0 6 7 6
l2-50 l3-0b58 1 0 6 8 6
l2-50 l3-0b59 1 0 6 0 7
l2-50 l3-0b60 1 0 6 1 7
l2-50 l3-0b61 1 0 6 2 7
l2-50 l3-0b62 1 0 6 3 7
l2-50 l3-0b63 1 0 6 4 7
l1i-51 l2-51 0 0
l1d-51 l2-51 0 0
l1d-51 l2prefetcher-51 0 0
l2prefetcher-51 l2-51 0 0
l3-0b51 mem-0 1 1 6 0 1
l3-0b51 mem-1 1 1 6 0 1
l3-0b51 mem-2 1 1 6 0 8
l3-0b51 mem-3 1 1 6 0 8
l3-0b51 mem-4 1 1 6 8 1
l3-0b51 mem-5 1 1 6 8 1
l3-0b51 mem-6 1 1 6 8 7
l3-0b51 mem-7 1 1 6 8 7
l3-0b51 mem-8 1 1 6 0 4
l3-0b51 mem-9 1 1 6 0 4
l3-0b51 mem-10 1 1 6 8 3
l3-0b51 mem-11 1 1 6 8 3
l2-51 l3-0b0 1 1 6 0 0
l2-51 l3-0b1 1 1 6 1 0
l2-51 l3-0b2 1 1 6 2 0
l2-51 l3-0b3 1 1 6 3 0
l2-51 l3-0b4 1 1 6 4 0
l2-51 l3-0b5 1 1 6 5 0
l2-51 l3-0b6 1 1 6 6 0
l2-51 l3-0b7 1 1 6 7 0
l2-51 l3-0b8 1 1 6 8 0
l2-51 l3-0b9 1 1 6 1 1
l2-51 l3-0b10 1 1 6 2 1
l2-51 l3-0b11 1 1 6 3 1
l2-51 l3-0b12 1 1 6 4 1
l2-51 l3-0b13 1 1 6 5 1
l2-51 l3-0b14 1 1 6 6 1
l2-51 l3-0b15 1 1 6 7 1
l2-51 l3-0b16 1 1 6 0 2
l2-51 l3-0b17 1 1 6 1 2
l2-51 l3-0b18 1 1 6 2 2
l2-51 l3-0b19 1 1 6 3 2
l2-51 l3-0b20 1 1 6 4 2
l2-51 l3-0b21 1 1 6 5 2
l2-51 l3-0b22 1 1 6 6 2
l2-51 l3-0b23 1 1 6 7 2
l2-51 l3-0b24 1 1 6 8 2
l2-51 l3-0b25 1 1 6 0 3
l2-51 l3-0b26 1 1 6 1 3
l2-51 l3-0b27 1 1 6 2 3
l2-51 l3-0b28 1 1 6 3 3
l2-51 l3-0b29 1 1 6 4 3
l2-51 l3-0b30 1 1 6 5 3
l2-51 l3-0b31 1 1 6 6 3
l2-51 l3-0b32 1 1 6 7 3
l2-51 l3-0b33 1 1 6 1 4
l2-51 l3-0b34 1 1 6 2 4
l2-51 l3-0b35 1 1 6 3 4
l2-51 l3-0b36 1 1 6 4 4
l2-51 l3-0b37 1 1 6 5 4
l2-51 l3-0b38 1 1 6 6 4
l2-51 l3-0b39 1 1 6 7 4
l2-51 l3-0b40 1 1 6 8 4
l2-51 l3-0b41 1 1 6 0 5
l2-51 l3-0b42 1 1 6 1 5
l2-51 l3-0b43 1 1 6 2 5
l2-51 l3-0b44 1 1 6 3 5
l2-51 l3-0b45 1 1 6 4 5
l2-51 l3-0b46 1 1 6 5 5
l2-51 l3-0b47 1 1 6 6 5
l2-51 l3-0b48 1 1 6 7 5
l2-51 l3-0b49 1 1 6 8 5
l2-51 l3-0b50 1 1 6 0 6
l2-51 l3-0b51 1 1 6 1 6
l2-51 l3-0b52 1 1 6 2 6
l2-51 l3-0b53 1 1 6 3 6
l2-51 l3-0b54 1 1 6 4 6
l2-51 l3-0b55 1 1 6 5 6
l2-51 l3-0b56 1 1 6 6 6
l2-51 l3-0b57 1 1 6 7 6
l2-51 l3-0b58 1 1 6 8 6
l2-51 l3-0b59 1 1 6 0 7
l2-51 l3-0b60 1 1 6 1 7
l2-51 l3-0b61 1 1 6 2 7
l2-51 l3-0b62 1 1 6 3 7
l2-51 l3-0b63 1 1 6 4 7
l1i-52 l2-52 0 0
l1d-52 l2-52 0 0
l1d-52 l2prefetcher-52 0 0
l2prefetcher-52 l2-52 0 0
l3-0b52 mem-0 1 2 6 0 1
l3-0b52 mem-1 1 2 6 0 1
l3-0b52 mem-2 1 2 6 0 8
l3-0b52 mem-3 1 2 6 0 8
l3-0b52 mem-4 1 2 6 8 1
l3-0b52 mem-5 1 2 6 8 1
l3-0b52 mem-6 1 2 6 8 7
l3-0b52 mem-7 1 2 6 8 7
l3-0b52 mem-8 1 2 6 0 4
l3-0b52 mem-9 1 2 6 0 4
l3-0b52 mem-10 1 2 6 8 3
l3-0b52 mem-11 1 2 6 8 3
l2-52 l3-0b0 1 2 6 0 0
l2-52 l3-0b1 1 2 6 1 0
l2-52 l3-0b2 1 2 6 2 0
l2-52 l3-0b3 1 2 6 3 0
l2-52 l3-0b4 1 2 6 4 0
l2-52 l3-0b5 1 2 6 5 0
l2-52 l3-0b6 1 2 6 6 0
l2-52 l3-0b7 1 2 6 7 0
l2-52 l3-0b8 1 2 6 8 0
l2-52 l3-0b9 1 2 6 1 1
l2-52 l3-0b10 1 2 6 2 1
l2-52 l3-0b11 1 2 6 3 1
l2-52 l3-0b12 1 2 6 4 1
l2-52 l3-0b13 1 2 6 5 1
l2-52 l3-0b14 1 2 6 6 1
l2-52 l3-0b15 1 2 6 7 1
l2-52 l3-0b16 1 2 6 0 2
l2-52 l3-0b17 1 2 6 1 2
l2-52 l3-0b18 1 2 6 2 2
l2-52 l3-0b19 1 2 6 3 2
l2-52 l3-0b20 1 2 6 4 2
l2-52 l3-0b21 1 2 6 5 2
l2-52 l3-0b22 1 2 6 6 2
l2-52 l3-0b23 1 2 6 7 2
l2-52 l3-0b24 1 2 6 8 2
l2-52 l3-0b25 1 2 6 0 3
l2-52 l3-0b26 1 2 6 1 3
l2-52 l3-0b27 1 2 6 2 3
l2-52 l3-0b28 1 2 6 3 3
l2-52 l3-0b29 1 2 6 4 3
l2-52 l3-0b30 1 2 6 5 3
l2-52 l3-0b31 1 2 6 6 3
l2-52 l3-0b32 1 2 6 7 3
l2-52 l3-0b33 1 2 6 1 4
l2-52 l3-0b34 1 2 6 2 4
l2-52 l3-0b35 1 2 6 3 4
l2-52 l3-0b36 1 2 6 4 4
l2-52 l3-0b37 1 2 6 5 4
l2-52 l3-0b38 1 2 6 6 4
l2-52 l3-0b39 1 2 6 7 4
l2-52 l3-0b40 1 2 6 8 4
l2-52 l3-0b41 1 2 6 0 5
l2-52 l3-0b42 1 2 6 1 5
l2-52 l3-0b43 1 2 6 2 5
l2-52 l3-0b44 1 2 6 3 5
l2-52 l3-0b45 1 2 6 4 5
l2-52 l3-0b46 1 2 6 5 5
l2-52 l3-0b47 1 2 6 6 5
l2-52 l3-0b48 1 2 6 7 5
l2-52 l3-0b49 1 2 6 8 5
l2-52 l3-0b50 1 2 6 0 6
l2-52 l3-0b51 1 2 6 1 6
l2-52 l3-0b52 1 2 6 2 6
l2-52 l3-0b53 1 2 6 3 6
l2-52 l3-0b54 1 2 6 4 6
l2-52 l3-0b55 1 2 6 5 6
l2-52 l3-0b56 1 2 6 6 6
l2-52 l3-0b57 1 2 6 7 6
l2-52 l3-0b58 1 2 6 8 6
l2-52 l3-0b59 1 2 6 0 7
l2-52 l3-0b60 1 2 6 1 7
l2-52 l3-0b61 1 2 6 2 7
l2-52 l3-0b62 1 2 6 3 7
l2-52 l3-0b63 1 2 6 4 7
l1i-53 l2-53 0 0
l1d-53 l2-53 0 0
l1d-53 l2prefetcher-53 0 0
l2prefetcher-53 l2-53 0 0
l3-0b53 mem-0 1 3 6 0 1
l3-0b53 mem-1 1 3 6 0 1
l3-0b53 mem-2 1 3 6 0 8
l3-0b53 mem-3 1 3 6 0 8
l3-0b53 mem-4 1 3 6 8 1
l3-0b53 mem-5 1 3 6 8 1
l3-0b53 mem-6 1 3 6 8 7
l3-0b53 mem-7 1 3 6 8 7
l3-0b53 mem-8 1 3 6 0 4
l3-0b53 mem-9 1 3 6 0 4
l3-0b53 mem-10 1 3 6 8 3
l3-0b53 mem-11 1 3 6 8 3
l2-53 l3-0b0 1 3 6 0 0
l2-53 l3-0b1 1 3 6 1 0
l2-53 l3-0b2 1 3 6 2 0
l2-53 l3-0b3 1 3 6 3 0
l2-53 l3-0b4 1 3 6 4 0
l2-53 l3-0b5 1 3 6 5 0
l2-53 l3-0b6 1 3 6 6 0
l2-53 l3-0b7 1 3 6 7 0
l2-53 l3-0b8 1 3 6 8 0
l2-53 l3-0b9 1 3 6 1 1
l2-53 l3-0b10 1 3 6 2 1
l2-53 l3-0b11 1 3 6 3 1
l2-53 l3-0b12 1 3 6 4 1
l2-53 l3-0b13 1 3 6 5 1
l2-53 l3-0b14 1 3 6 6 1
l2-53 l3-0b15 1 3 6 7 1
l2-53 l3-0b16 1 3 6 0 2
l2-53 l3-0b17 1 3 6 1 2
l2-53 l3-0b18 1 3 6 2 2
l2-53 l3-0b19 1 3 6 3 2
l2-53 l3-0b20 1 3 6 4 2
l2-53 l3-0b21 1 3 6 5 2
l2-53 l3-0b22 1 3 6 6 2
l2-53 l3-0b23 1 3 6 7 2
l2-53 l3-0b24 1 3 6 8 2
l2-53 l3-0b25 1 3 6 0 3
l2-53 l3-0b26 1 3 6 1 3
l2-53 l3-0b27 1 3 6 2 3
l2-53 l3-0b28 1 3 6 3 3
l2-53 l3-0b29 1 3 6 4 3
l2-53 l3-0b30 1 3 6 5 3
l2-53 l3-0b31 1 3 6 6 3
l2-53 l3-0b32 1 3 6 7 3
l2-53 l3-0b33 1 3 6 1 4
l2-53 l3-0b34 1 3 6 2 4
l2-53 l3-0b35 1 3 6 3 4
l2-53 l3-0b36 1 3 6 4 4
l2-53 l3-0b37 1 3 6 5 4
l2-53 l3-0b38 1 3 6 6 4
l2-53 l3-0b39 1 3 6 7 4
l2-53 l3-0b40 1 3 6 8 4
l2-53 l3-0b41 1 3 6 0 5
l2-53 l3-0b42 1 3 6 1 5
l2-53 l3-0b43 1 3 6 2 5
l2-53 l3-0b44 1 3 6 3 5
l2-53 l3-0b45 1 3 6 4 5
l2-53 l3-0b46 1 3 6 5 5
l2-53 l3-0b47 1 3 6 6 5
l2-53 l3-0b48 1 3 6 7 5
l2-53 l3-0b49 1 3 6 8 5
l2-53 l3-0b50 1 3 6 0 6
l2-53 l3-0b51 1 3 6 1 6
l2-53 l3-0b52 1 3 6 2 6
l2-53 l3-0b53 1 3 6 3 6
l2-53 l3-0b54 1 3 6 4 6
l2-53 l3-0b55 1 3 6 5 6
l2-53 l3-0b56 1 3 6 6 6
l2-53 l3-0b57 1 3 6 7 6
l2-53 l3-0b58 1 3 6 8 6
l2-53 l3-0b59 1 3 6 0 7
l2-53 l3-0b60 1 3 6 1 7
l2-53 l3-0b61 1 3 6 2 7
l2-53 l3-0b62 1 3 6 3 7
l2-53 l3-0b63 1 3 6 4 7
l1i-54 l2-54 0 0
l1d-54 l2-54 0 0
l1d-54 l2prefetcher-54 0 0
l2prefetcher-54 l2-54 0 0
l3-0b54 mem-0 1 4 6 0 1
l3-0b54 mem-1 1 4 6 0 1
l3-0b54 mem-2 1 4 6 0 8
l3-0b54 mem-3 1 4 6 0 8
l3-0b54 mem-4 1 4 6 8 1
l3-0b54 mem-5 1 4 6 8 1
l3-0b54 mem-6 1 4 6 8 7
l3-0b54 mem-7 1 4 6 8 7
l3-0b54 mem-8 1 4 6 0 4
l3-0b54 mem-9 1 4 6 0 4
l3-0b54 mem-10 1 4 6 8 3
l3-0b54 mem-11 1 4 6 8 3
l2-54 l3-0b0 1 4 6 0 0
l2-54 l3-0b1 1 4 6 1 0
l2-54 l3-0b2 1 4 6 2 0
l2-54 l3-0b3 1 4 6 3 0
l2-54 l3-0b4 1 4 6 4 0
l2-54 l3-0b5 1 4 6 5 0
l2-54 l3-0b6 1 4 6 6 0
l2-54 l3-0b7 1 4 6 7 0
l2-54 l3-0b8 1 4 6 8 0
l2-54 l3-0b9 1 4 6 1 1
l2-54 l3-0b10 1 4 6 2 1
l2-54 l3-0b11 1 4 6 3 1
l2-54 l3-0b12 1 4 6 4 1
l2-54 l3-0b13 1 4 6 5 1
l2-54 l3-0b14 1 4 6 6 1
l2-54 l3-0b15 1 4 6 7 1
l2-54 l3-0b16 1 4 6 0 2
l2-54 l3-0b17 1 4 6 1 2
l2-54 l3-0b18 1 4 6 2 2
l2-54 l3-0b19 1 4 6 3 2
l2-54 l3-0b20 1 4 6 4 2
l2-54 l3-0b21 1 4 6 5 2
l2-54 l3-0b22 1 4 6 6 2
l2-54 l3-0b23 1 4 6 7 2
l2-54 l3-0b24 1 4 6 8 2
l2-54 l3-0b25 1 4 6 0 3
l2-54 l3-0b26 1 4 6 1 3
l2-54 l3-0b27 1 4 6 2 3
l2-54 l3-0b28 1 4 6 3 3
l2-54 l3-0b29 1 4 6 4 3
l2-54 l3-0b30 1 4 6 5 3
l2-54 l3-0b31 1 4 6 6 3
l2-54 l3-0b32 1 4 6 7 3
l2-54 l3-0b33 1 4 6 1 4
l2-54 l3-0b34 1 4 6 2 4
l2-54 l3-0b35 1 4 6 3 4
l2-54 l3-0b36 1 4 6 4 4
l2-54 l3-0b37 1 4 6 5 4
l2-54 l3-0b38 1 4 6 6 4
l2-54 l3-0b39 1 4 6 7 4
l2-54 l3-0b40 1 4 6 8 4
l2-54 l3-0b41 1 4 6 0 5
l2-54 l3-0b42 1 4 6 1 5
l2-54 l3-0b43 1 4 6 2 5
l2-54 l3-0b44 1 4 6 3 5
l2-54 l3-0b45 1 4 6 4 5
l2-54 l3-0b46 1 4 6 5 5
l2-54 l3-0b47 1 4 6 6 5
l2-54 l3-0b48 1 4 6 7 5
l2-54 l3-0b49 1 4 6 8 5
l2-54 l3-0b50 1 4 6 0 6
l2-54 l3-0b51 1 4 6 1 6
l2-54 l3-0b52 1 4 6 2 6
l2-54 l3-0b53 1 4 6 3 6
l2-54 l3-0b54 1 4 6 4 6
l2-54 l3-0b55 1 4 6 5 6
l2-54 l3-0b56 1 4 6 6 6
l2-54 l3-0b57 1 4 6 7 6
l2-54 l3-0b58 1 4 6 8 6
l2-54 l3-0b59 1 4 6 0 7
l2-54 l3-0b60 1 4 6 1 7
l2-54 l3-0b61 1 4 6 2 7
l2-54 l3-0b62 1 4 6 3 7
l2-54 l3-0b63 1 4 6 4 7
l1i-55 l2-55 0 0
l1d-55 l2-55 0 0
l1d-55 l2prefetcher-55 0 0
l2prefetcher-55 l2-55 0 0
l3-0b55 mem-0 1 5 6 0 1
l3-0b55 mem-1 1 5 6 0 1
l3-0b55 mem-2 1 5 6 0 8
l3-0b55 mem-3 1 5 6 0 8
l3-0b55 mem-4 1 5 6 8 1
l3-0b55 mem-5 1 5 6 8 1
l3-0b55 mem-6 1 5 6 8 7
l3-0b55 mem-7 1 5 6 8 7
l3-0b55 mem-8 1 5 6 0 4
l3-0b55 mem-9 1 5 6 0 4
l3-0b55 mem-10 1 5 6 8 3
l3-0b55 mem-11 1 5 6 8 3
l2-55 l3-0b0 1 5 6 0 0
l2-55 l3-0b1 1 5 6 1 0
l2-55 l3-0b2 1 5 6 2 0
l2-55 l3-0b3 1 5 6 3 0
l2-55 l3-0b4 1 5 6 4 0
l2-55 l3-0b5 1 5 6 5 0
l2-55 l3-0b6 1 5 6 6 0
l2-55 l3-0b7 1 5 6 7 0
l2-55 l3-0b8 1 5 6 8 0
l2-55 l3-0b9 1 5 6 1 1
l2-55 l3-0b10 1 5 6 2 1
l2-55 l3-0b11 1 5 6 3 1
l2-55 l3-0b12 1 5 6 4 1
l2-55 l3-0b13 1 5 6 5 1
l2-55 l3-0b14 1 5 6 6 1
l2-55 l3-0b15 1 5 6 7 1
l2-55 l3-0b16 1 5 6 0 2
l2-55 l3-0b17 1 5 6 1 2
l2-55 l3-0b18 1 5 6 2 2
l2-55 l3-0b19 1 5 6 3 2
l2-55 l3-0b20 1 5 6 4 2
l2-55 l3-0b21 1 5 6 5 2
l2-55 l3-0b22 1 5 6 6 2
l2-55 l3-0b23 1 5 6 7 2
l2-55 l3-0b24 1 5 6 8 2
l2-55 l3-0b25 1 5 6 0 3
l2-55 l3-0b26 1 5 6 1 3
l2-55 l3-0b27 1 5 6 2 3
l2-55 l3-0b28 1 5 6 3 3
l2-55 l3-0b29 1 5 6 4 3
l2-55 l3-0b30 1 5 6 5 3
l2-55 l3-0b31 1 5 6 6 3
l2-55 l3-0b32 1 5 6 7 3
l2-55 l3-0b33 1 5 6 1 4
l2-55 l3-0b34 1 5 6 2 4
l2-55 l3-0b35 1 5 6 3 4
l2-55 l3-0b36 1 5 6 4 4
l2-55 l3-0b37 1 5 6 5 4
l2-55 l3-0b38 1 5 6 6 4
l2-55 l3-0b39 1 5 6 7 4
l2-55 l3-0b40 1 5 6 8 4
l2-55 l3-0b41 1 5 6 0 5
l2-55 l3-0b42 1 5 6 1 5
l2-55 l3-0b43 1 5 6 2 5
l2-55 l3-0b44 1 5 6 3 5
l2-55 l3-0b45 1 5 6 4 5
l2-55 l3-0b46 1 5 6 5 5
l2-55 l3-0b47 1 5 6 6 5
l2-55 l3-0b48 1 5 6 7 5
l2-55 l3-0b49 1 5 6 8 5
l2-55 l3-0b50 1 5 6 0 6
l2-55 l3-0b51 1 5 6 1 6
l2-55 l3-0b52 1 5 6 2 6
l2-55 l3-0b53 1 5 6 3 6
l2-55 l3-0b54 1 5 6 4 6
l2-55 l3-0b55 1 5 6 5 6
l2-55 l3-0b56 1 5 6 6 6
l2-55 l3-0b57 1 5 6 7 6
l2-55 l3-0b58 1 5 6 8 6
l2-55 l3-0b59 1 5 6 0 7
l2-55 l3-0b60 1 5 6 1 7
l2-55 l3-0b61 1 5 6 2 7
l2-55 l3-0b62 1 5 6 3 7
l2-55 l3-0b63 1 5 6 4 7
l1i-56 l2-56 0 0
l1d-56 l2-56 0 0
l1d-56 l2prefetcher-56 0 0
l2prefetcher-56 l2-56 0 0
l3-0b56 mem-0 1 6 6 0 1
l3-0b56 mem-1 1 6 6 0 1
l3-0b56 mem-2 1 6 6 0 8
l3-0b56 mem-3 1 6 6 0 8
l3-0b56 mem-4 1 6 6 8 1
l3-0b56 mem-5 1 6 6 8 1
l3-0b56 mem-6 1 6 6 8 7
l3-0b56 mem-7 1 6 6 8 7
l3-0b56 mem-8 1 6 6 0 4
l3-0b56 mem-9 1 6 6 0 4
l3-0b56 mem-10 1 6 6 8 3
l3-0b56 mem-11 1 6 6 8 3
l2-56 l3-0b0 1 6 6 0 0
l2-56 l3-0b1 1 6 6 1 0
l2-56 l3-0b2 1 6 6 2 0
l2-56 l3-0b3 1 6 6 3 0
l2-56 l3-0b4 1 6 6 4 0
l2-56 l3-0b5 1 6 6 5 0
l2-56 l3-0b6 1 6 6 6 0
l2-56 l3-0b7 1 6 6 7 0
l2-56 l3-0b8 1 6 6 8 0
l2-56 l3-0b9 1 6 6 1 1
l2-56 l3-0b10 1 6 6 2 1
l2-56 l3-0b11 1 6 6 3 1
l2-56 l3-0b12 1 6 6 4 1
l2-56 l3-0b13 1 6 6 5 1
l2-56 l3-0b14 1 6 6 6 1
l2-56 l3-0b15 1 6 6 7 1
l2-56 l3-0b16 1 6 6 0 2
l2-56 l3-0b17 1 6 6 1 2
l2-56 l3-0b18 1 6 6 2 2
l2-56 l3-0b19 1 6 6 3 2
l2-56 l3-0b20 1 6 6 4 2
l2-56 l3-0b21 1 6 6 5 2
l2-56 l3-0b22 1 6 6 6 2
l2-56 l3-0b23 1 6 6 7 2
l2-56 l3-0b24 1 6 6 8 2
l2-56 l3-0b25 1 6 6 0 3
l2-56 l3-0b26 1 6 6 1 3
l2-56 l3-0b27 1 6 6 2 3
l2-56 l3-0b28 1 6 6 3 3
l2-56 l3-0b29 1 6 6 4 3
l2-56 l3-0b30 1 6 6 5 3
l2-56 l3-0b31 1 6 6 6 3
l2-56 l3-0b32 1 6 6 7 3
l2-56 l3-0b33 1 6 6 1 4
l2-56 l3-0b34 1 6 6 2 4
l2-56 l3-0b35 1 6 6 3 4
l2-56 l3-0b36 1 6 6 4 4
l2-56 l3-0b37 1 6 6 5 4
l2-56 l3-0b38 1 6 6 6 4
l2-56 l3-0b39 1 6 6 7 4
l2-56 l3-0b40 1 6 6 8 4
l2-56 l3-0b41 1 6 6 0 5
l2-56 l3-0b42 1 6 6 1 5
l2-56 l3-0b43 1 6 6 2 5
l2-56 l3-0b44 1 6 6 3 5
l2-56 l3-0b45 1 6 6 4 5
l2-56 l3-0b46 1 6 6 5 5
l2-56 l3-0b47 1 6 6 6 5
l2-56 l3-0b48 1 6 6 7 5
l2-56 l3-0b49 1 6 6 8 5
l2-56 l3-0b50 1 6 6 0 6
l2-56 l3-0b51 1 6 6 1 6
l2-56 l3-0b52 1 6 6 2 6
l2-56 l3-0b53 1 6 6 3 6
l2-56 l3-0b54 1 6 6 4 6
l2-56 l3-0b55 1 6 6 5 6
l2-56 l3-0b56 1 6 6 6 6
l2-56 l3-0b57 1 6 6 7 6
l2-56 l3-0b58 1 6 6 8 6
l2-56 l3-0b59 1 6 6 0 7
l2-56 l3-0b60 1 6 6 1 7
l2-56 l3-0b61 1 6 6 2 7
l2-56 l3-0b62 1 6 6 3 7
l2-56 l3-0b63 1 6 6 4 7
l1i-57 l2-57 0 0
l1d-57 l2-57 0 0
l1d-57 l2prefetcher-57 0 0
l2prefetcher-57 l2-57 0 0
l3-0b57 mem-0 1 7 6 0 1
l3-0b57 mem-1 1 7 6 0 1
l3-0b57 mem-2 1 7 6 0 8
l3-0b57 mem-3 1 7 6 0 8
l3-0b57 mem-4 1 7 6 8 1
l3-0b57 mem-5 1 7 6 8 1
l3-0b57 mem-6 1 7 6 8 7
l3-0b57 mem-7 1 7 6 8 7
l3-0b57 mem-8 1 7 6 0 4
l3-0b57 mem-9 1 7 6 0 4
l3-0b57 mem-10 1 7 6 8 3
l3-0b57 mem-11 1 7 6 8 3
l2-57 l3-0b0 1 7 6 0 0
l2-57 l3-0b1 1 7 6 1 0
l2-57 l3-0b2 1 7 6 2 0
l2-57 l3-0b3 1 7 6 3 0
l2-57 l3-0b4 1 7 6 4 0
l2-57 l3-0b5 1 7 6 5 0
l2-57 l3-0b6 1 7 6 6 0
l2-57 l3-0b7 1 7 6 7 0
l2-57 l3-0b8 1 7 6 8 0
l2-57 l3-0b9 1 7 6 1 1
l2-57 l3-0b10 1 7 6 2 1
l2-57 l3-0b11 1 7 6 3 1
l2-57 l3-0b12 1 7 6 4 1
l2-57 l3-0b13 1 7 6 5 1
l2-57 l3-0b14 1 7 6 6 1
l2-57 l3-0b15 1 7 6 7 1
l2-57 l3-0b16 1 7 6 0 2
l2-57 l3-0b17 1 7 6 1 2
l2-57 l3-0b18 1 7 6 2 2
l2-57 l3-0b19 1 7 6 3 2
l2-57 l3-0b20 1 7 6 4 2
l2-57 l3-0b21 1 7 6 5 2
l2-57 l3-0b22 1 7 6 6 2
l2-57 l3-0b23 1 7 6 7 2
l2-57 l3-0b24 1 7 6 8 2
l2-57 l3-0b25 1 7 6 0 3
l2-57 l3-0b26 1 7 6 1 3
l2-57 l3-0b27 1 7 6 2 3
l2-57 l3-0b28 1 7 6 3 3
l2-57 l3-0b29 1 7 6 4 3
l2-57 l3-0b30 1 7 6 5 3
l2-57 l3-0b31 1 7 6 6 3
l2-57 l3-0b32 1 7 6 7 3
l2-57 l3-0b33 1 7 6 1 4
l2-57 l3-0b34 1 7 6 2 4
l2-57 l3-0b35 1 7 6 3 4
l2-57 l3-0b36 1 7 6 4 4
l2-57 l3-0b37 1 7 6 5 4
l2-57 l3-0b38 1 7 6 6 4
l2-57 l3-0b39 1 7 6 7 4
l2-57 l3-0b40 1 7 6 8 4
l2-57 l3-0b41 1 7 6 0 5
l2-57 l3-0b42 1 7 6 1 5
l2-57 l3-0b43 1 7 6 2 5
l2-57 l3-0b44 1 7 6 3 5
l2-57 l3-0b45 1 7 6 4 5
l2-57 l3-0b46 1 7 6 5 5
l2-57 l3-0b47 1 7 6 6 5
l2-57 l3-0b48 1 7 6 7 5
l2-57 l3-0b49 1 7 6 8 5
l2-57 l3-0b50 1 7 6 0 6
l2-57 l3-0b51 1 7 6 1 6
l2-57 l3-0b52 1 7 6 2 6
l2-57 l3-0b53 1 7 6 3 6
l2-57 l3-0b54 1 7 6 4 6
l2-57 l3-0b55 1 7 6 5 6
l2-57 l3-0b56 1 7 6 6 6
l2-57 l3-0b57 1 7 6 7 6
l2-57 l3-0b58 1 7 6 8 6
l2-57 l3-0b59 1 7 6 0 7
l2-57 l3-0b60 1 7 6 1 7
l2-57 l3-0b61 1 7 6 2 7
l2-57 l3-0b62 1 7 6 3 7
l2-57 l3-0b63 1 7 6 4 7
l1i-58 l2-58 0 0
l1d-58 l2-58 0 0
l1d-58 l2prefetcher-58 0 0
l2prefetcher-58 l2-58 0 0
l3-0b58 mem-0 1 8 6 0 1
l3-0b58 mem-1 1 8 6 0 1
l3-0b58 mem-2 1 8 6 0 8
l3-0b58 mem-3 1 8 6 0 8
l3-0b58 mem-4 1 8 6 8 1
l3-0b58 mem-5 1 8 6 8 1
l3-0b58 mem-6 1 8 6 8 7
l3-0b58 mem-7 1 8 6 8 7
l3-0b58 mem-8 1 8 6 0 4
l3-0b58 mem-9 1 8 6 0 4
l3-0b58 mem-10 1 8 6 8 3
l3-0b58 mem-11 1 8 6 8 3
l2-58 l3-0b0 1 8 6 0 0
l2-58 l3-0b1 1 8 6 1 0
l2-58 l3-0b2 1 8 6 2 0
l2-58 l3-0b3 1 8 6 3 0
l2-58 l3-0b4 1 8 6 4 0
l2-58 l3-0b5 1 8 6 5 0
l2-58 l3-0b6 1 8 6 6 0
l2-58 l3-0b7 1 8 6 7 0
l2-58 l3-0b8 1 8 6 8 0
l2-58 l3-0b9 1 8 6 1 1
l2-58 l3-0b10 1 8 6 2 1
l2-58 l3-0b11 1 8 6 3 1
l2-58 l3-0b12 1 8 6 4 1
l2-58 l3-0b13 1 8 6 5 1
l2-58 l3-0b14 1 8 6 6 1
l2-58 l3-0b15 1 8 6 7 1
l2-58 l3-0b16 1 8 6 0 2
l2-58 l3-0b17 1 8 6 1 2
l2-58 l3-0b18 1 8 6 2 2
l2-58 l3-0b19 1 8 6 3 2
l2-58 l3-0b20 1 8 6 4 2
l2-58 l3-0b21 1 8 6 5 2
l2-58 l3-0b22 1 8 6 6 2
l2-58 l3-0b23 1 8 6 7 2
l2-58 l3-0b24 1 8 6 8 2
l2-58 l3-0b25 1 8 6 0 3
l2-58 l3-0b26 1 8 6 1 3
l2-58 l3-0b27 1 8 6 2 3
l2-58 l3-0b28 1 8 6 3 3
l2-58 l3-0b29 1 8 6 4 3
l2-58 l3-0b30 1 8 6 5 3
l2-58 l3-0b31 1 8 6 6 3
l2-58 l3-0b32 1 8 6 7 3
l2-58 l3-0b33 1 8 6 1 4
l2-58 l3-0b34 1 8 6 2 4
l2-58 l3-0b35 1 8 6 3 4
l2-58 l3-0b36 1 8 6 4 4
l2-58 l3-0b37 1 8 6 5 4
l2-58 l3-0b38 1 8 6 6 4
l2-58 l3-0b39 1 8 6 7 4
l2-58 l3-0b40 1 8 6 8 4
l2-58 l3-0b41 1 8 6 0 5
l2-58 l3-0b42 1 8 6 1 5
l2-58 l3-0b43 1 8 6 2 5
l2-58 l3-0b44 1 8 6 3 5
l2-58 l3-0b45 1 8 6 4 5
l2-58 l3-0b46 1 8 6 5 5
l2-58 l3-0b47 1 8 6 6 5
l2-58 l3-0b48 1 8 6 7 5
l2-58 l3-0b49 1 8 6 8 5
l2-58 l3-0b50 1 8 6 0 6
l2-58 l3-0b51 1 8 6 1 6
l2-58 l3-0b52 1 8 6 2 6
l2-58 l3-0b53 1 8 6 3 6
l2-58 l3-0b54 1 8 6 4 6
l2-58 l3-0b55 1 8 6 5 6
l2-58 l3-0b56 1 8 6 6 6
l2-58 l3-0b57 1 8 6 7 6
l2-58 l3-0b58 1 8 6 8 6
l2-58 l3-0b59 1 8 6 0 7
l2-58 l3-0b60 1 8 6 1 7
l2-58 l3-0b61 1 8 6 2 7
l2-58 l3-0b62 1 8 6 3 7
l2-58 l3-0b63 1 8 6 4 7
l1i-59 l2-59 0 0
l1d-59 l2-59 0 0
l1d-59 l2prefetcher-59 0 0
l2prefetcher-59 l2-59 0 0
l3-0b59 mem-0 1 0 7 0 1
l3-0b59 mem-1 1 0 7 0 1
l3-0b59 mem-2 1 0 7 0 8
l3-0b59 mem-3 1 0 7 0 8
l3-0b59 mem-4 1 0 7 8 1
l3-0b59 mem-5 1 0 7 8 1
l3-0b59 mem-6 1 0 7 8 7
l3-0b59 mem-7 1 0 7 8 7
l3-0b59 mem-8 1 0 7 0 4
l3-0b59 mem-9 1 0 7 0 4
l3-0b59 mem-10 1 0 7 8 3
l3-0b59 mem-11 1 0 7 8 3
l2-59 l3-0b0 1 0 7 0 0
l2-59 l3-0b1 1 0 7 1 0
l2-59 l3-0b2 1 0 7 2 0
l2-59 l3-0b3 1 0 7 3 0
l2-59 l3-0b4 1 0 7 4 0
l2-59 l3-0b5 1 0 7 5 0
l2-59 l3-0b6 1 0 7 6 0
l2-59 l3-0b7 1 0 7 7 0
l2-59 l3-0b8 1 0 7 8 0
l2-59 l3-0b9 1 0 7 1 1
l2-59 l3-0b10 1 0 7 2 1
l2-59 l3-0b11 1 0 7 3 1
l2-59 l3-0b12 1 0 7 4 1
l2-59 l3-0b13 1 0 7 5 1
l2-59 l3-0b14 1 0 7 6 1
l2-59 l3-0b15 1 0 7 7 1
l2-59 l3-0b16 1 0 7 0 2
l2-59 l3-0b17 1 0 7 1 2
l2-59 l3-0b18 1 0 7 2 2
l2-59 l3-0b19 1 0 7 3 2
l2-59 l3-0b20 1 0 7 4 2
l2-59 l3-0b21 1 0 7 5 2
l2-59 l3-0b22 1 0 7 6 2
l2-59 l3-0b23 1 0 7 7 2
l2-59 l3-0b24 1 0 7 8 2
l2-59 l3-0b25 1 0 7 0 3
l2-59 l3-0b26 1 0 7 1 3
l2-59 l3-0b27 1 0 7 2 3
l2-59 l3-0b28 1 0 7 3 3
l2-59 l3-0b29 1 0 7 4 3
l2-59 l3-0b30 1 0 7 5 3
l2-59 l3-0b31 1 0 7 6 3
l2-59 l3-0b32 1 0 7 7 3
l2-59 l3-0b33 1 0 7 1 4
l2-59 l3-0b34 1 0 7 2 4
l2-59 l3-0b35 1 0 7 3 4
l2-59 l3-0b36 1 0 7 4 4
l2-59 l3-0b37 1 0 7 5 4
l2-59 l3-0b38 1 0 7 6 4
l2-59 l3-0b39 1 0 7 7 4
l2-59 l3-0b40 1 0 7 8 4
l2-59 l3-0b41 1 0 7 0 5
l2-59 l3-0b42 1 0 7 1 5
l2-59 l3-0b43 1 0 7 2 5
l2-59 l3-0b44 1 0 7 3 5
l2-59 l3-0b45 1 0 7 4 5
l2-59 l3-0b46 1 0 7 5 5
l2-59 l3-0b47 1 0 7 6 5
l2-59 l3-0b48 1 0 7 7 5
l2-59 l3-0b49 1 0 7 8 5
l2-59 l3-0b50 1 0 7 0 6
l2-59 l3-0b51 1 0 7 1 6
l2-59 l3-0b52 1 0 7 2 6
l2-59 l3-0b53 1 0 7 3 6
l2-59 l3-0b54 1 0 7 4 6
l2-59 l3-0b55 1 0 7 5 6
l2-59 l3-0b56 1 0 7 6 6
l2-59 l3-0b57 1 0 7 7 6
l2-59 l3-0b58 1 0 7 8 6
l2-59 l3-0b59 1 0 7 0 7
l2-59 l3-0b60 1 0 7 1 7
l2-59 l3-0b61 1 0 7 2 7
l2-59 l3-0b62 1 0 7 3 7
l2-59 l3-0b63 1 0 7 4 7
l1i-60 l2-60 0 0
l1d-60 l2-60 0 0
l1d-60 l2prefetcher-60 0 0
l2prefetcher-60 l2-60 0 0
l3-0b60 mem-0 1 1 7 0 1
l3-0b60 mem-1 1 1 7 0 1
l3-0b60 mem-2 1 1 7 0 8
l3-0b60 mem-3 1 1 7 0 8
l3-0b60 mem-4 1 1 7 8 1
l3-0b60 mem-5 1 1 7 8 1
l3-0b60 mem-6 1 1 7 8 7
l3-0b60 mem-7 1 1 7 8 7
l3-0b60 mem-8 1 1 7 0 4
l3-0b60 mem-9 1 1 7 0 4
l3-0b60 mem-10 1 1 7 8 3
l3-0b60 mem-11 1 1 7 8 3
l2-60 l3-0b0 1 1 7 0 0
l2-60 l3-0b1 1 1 7 1 0
l2-60 l3-0b2 1 1 7 2 0
l2-60 l3-0b3 1 1 7 3 0
l2-60 l3-0b4 1 1 7 4 0
l2-60 l3-0b5 1 1 7 5 0
l2-60 l3-0b6 1 1 7 6 0
l2-60 l3-0b7 1 1 7 7 0
l2-60 l3-0b8 1 1 7 8 0
l2-60 l3-0b9 1 1 7 1 1
l2-60 l3-0b10 1 1 7 2 1
l2-60 l3-0b11 1 1 7 3 1
l2-60 l3-0b12 1 1 7 4 1
l2-60 l3-0b13 1 1 7 5 1
l2-60 l3-0b14 1 1 7 6 1
l2-60 l3-0b15 1 1 7 7 1
l2-60 l3-0b16 1 1 7 0 2
l2-60 l3-0b17 1 1 7 1 2
l2-60 l3-0b18 1 1 7 2 2
l2-60 l3-0b19 1 1 7 3 2
l2-60 l3-0b20 1 1 7 4 2
l2-60 l3-0b21 1 1 7 5 2
l2-60 l3-0b22 1 1 7 6 2
l2-60 l3-0b23 1 1 7 7 2
l2-60 l3-0b24 1 1 7 8 2
l2-60 l3-0b25 1 1 7 0 3
l2-60 l3-0b26 1 1 7 1 3
l2-60 l3-0b27 1 1 7 2 3
l2-60 l3-0b28 1 1 7 3 3
l2-60 l3-0b29 1 1 7 4 3
l2-60 l3-0b30 1 1 7 5 3
l2-60 l3-0b31 1 1 7 6 3
l2-60 l3-0b32 1 1 7 7 3
l2-60 l3-0b33 1 1 7 1 4
l2-60 l3-0b34 1 1 7 2 4
l2-60 l3-0b35 1 1 7 3 4
l2-60 l3-0b36 1 1 7 4 4
l2-60 l3-0b37 1 1 7 5 4
l2-60 l3-0b38 1 1 7 6 4
l2-60 l3-0b39 1 1 7 7 4
l2-60 l3-0b40 1 1 7 8 4
l2-60 l3-0b41 1 1 7 0 5
l2-60 l3-0b42 1 1 7 1 5
l2-60 l3-0b43 1 1 7 2 5
l2-60 l3-0b44 1 1 7 3 5
l2-60 l3-0b45 1 1 7 4 5
l2-60 l3-0b46 1 1 7 5 5
l2-60 l3-0b47 1 1 7 6 5
l2-60 l3-0b48 1 1 7 7 5
l2-60 l3-0b49 1 1 7 8 5
l2-60 l3-0b50 1 1 7 0 6
l2-60 l3-0b51 1 1 7 1 6
l2-60 l3-0b52 1 1 7 2 6
l2-60 l3-0b53 1 1 7 3 6
l2-60 l3-0b54 1 1 7 4 6
l2-60 l3-0b55 1 1 7 5 6
l2-60 l3-0b56 1 1 7 6 6
l2-60 l3-0b57 1 1 7 7 6
l2-60 l3-0b58 1 1 7 8 6
l2-60 l3-0b59 1 1 7 0 7
l2-60 l3-0b60 1 1 7 1 7
l2-60 l3-0b61 1 1 7 2 7
l2-60 l3-0b62 1 1 7 3 7
l2-60 l3-0b63 1 1 7 4 7
l1i-61 l2-61 0 0
l1d-61 l2-61 0 0
l1d-61 l2prefetcher-61 0 0
l2prefetcher-61 l2-61 0 0
l3-0b61 mem-0 1 2 7 0 1
l3-0b61 mem-1 1 2 7 0 1
l3-0b61 mem-2 1 2 7 0 8
l3-0b61 mem-3 1 2 7 0 8
l3-0b61 mem-4 1 2 7 8 1
l3-0b61 mem-5 1 2 7 8 1
l3-0b61 mem-6 1 2 7 8 7
l3-0b61 mem-7 1 2 7 8 7
l3-0b61 mem-8 1 2 7 0 4
l3-0b61 mem-9 1 2 7 0 4
l3-0b61 mem-10 1 2 7 8 3
l3-0b61 mem-11 1 2 7 8 3
l2-61 l3-0b0 1 2 7 0 0
l2-61 l3-0b1 1 2 7 1 0
l2-61 l3-0b2 1 2 7 2 0
l2-61 l3-0b3 1 2 7 3 0
l2-61 l3-0b4 1 2 7 4 0
l2-61 l3-0b5 1 2 7 5 0
l2-61 l3-0b6 1 2 7 6 0
l2-61 l3-0b7 1 2 7 7 0
l2-61 l3-0b8 1 2 7 8 0
l2-61 l3-0b9 1 2 7 1 1
l2-61 l3-0b10 1 2 7 2 1
l2-61 l3-0b11 1 2 7 3 1
l2-61 l3-0b12 1 2 7 4 1
l2-61 l3-0b13 1 2 7 5 1
l2-61 l3-0b14 1 2 7 6 1
l2-61 l3-0b15 1 2 7 7 1
l2-61 l3-0b16 1 2 7 0 2
l2-61 l3-0b17 1 2 7 1 2
l2-61 l3-0b18 1 2 7 2 2
l2-61 l3-0b19 1 2 7 3 2
l2-61 l3-0b20 1 2 7 4 2
l2-61 l3-0b21 1 2 7 5 2
l2-61 l3-0b22 1 2 7 6 2
l2-61 l3-0b23 1 2 7 7 2
l2-61 l3-0b24 1 2 7 8 2
l2-61 l3-0b25 1 2 7 0 3
l2-61 l3-0b26 1 2 7 1 3
l2-61 l3-0b27 1 2 7 2 3
l2-61 l3-0b28 1 2 7 3 3
l2-61 l3-0b29 1 2 7 4 3
l2-61 l3-0b30 1 2 7 5 3
l2-61 l3-0b31 1 2 7 6 3
l2-61 l3-0b32 1 2 7 7 3
l2-61 l3-0b33 1 2 7 1 4
l2-61 l3-0b34 1 2 7 2 4
l2-61 l3-0b35 1 2 7 3 4
l2-61 l3-0b36 1 2 7 4 4
l2-61 l3-0b37 1 2 7 5 4
l2-61 l3-0b38 1 2 7 6 4
l2-61 l3-0b39 1 2 7 7 4
l2-61 l3-0b40 1 2 7 8 4
l2-61 l3-0b41 1 2 7 0 5
l2-61 l3-0b42 1 2 7 1 5
l2-61 l3-0b43 1 2 7 2 5
l2-61 l3-0b44 1 2 7 3 5
l2-61 l3-0b45 1 2 7 4 5
l2-61 l3-0b46 1 2 7 5 5
l2-61 l3-0b47 1 2 7 6 5
l2-61 l3-0b48 1 2 7 7 5
l2-61 l3-0b49 1 2 7 8 5
l2-61 l3-0b50 1 2 7 0 6
l2-61 l3-0b51 1 2 7 1 6
l2-61 l3-0b52 1 2 7 2 6
l2-61 l3-0b53 1 2 7 3 6
l2-61 l3-0b54 1 2 7 4 6
l2-61 l3-0b55 1 2 7 5 6
l2-61 l3-0b56 1 2 7 6 6
l2-61 l3-0b57 1 2 7 7 6
l2-61 l3-0b58 1 2 7 8 6
l2-61 l3-0b59 1 2 7 0 7
l2-61 l3-0b60 1 2 7 1 7
l2-61 l3-0b61 1 2 7 2 7
l2-61 l3-0b62 1 2 7 3 7
l2-61 l3-0b63 1 2 7 4 7
l1i-62 l2-62 0 0
l1d-62 l2-62 0 0
l1d-62 l2prefetcher-62 0 0
l2prefetcher-62 l2-62 0 0
l3-0b62 mem-0 1 3 7 0 1
l3-0b62 mem-1 1 3 7 0 1
l3-0b62 mem-2 1 3 7 0 8
l3-0b62 mem-3 1 3 7 0 8
l3-0b62 mem-4 1 3 7 8 1
l3-0b62 mem-5 1 3 7 8 1
l3-0b62 mem-6 1 3 7 8 7
l3-0b62 mem-7 1 3 7 8 7
l3-0b62 mem-8 1 3 7 0 4
l3-0b62 mem-9 1 3 7 0 4
l3-0b62 mem-10 1 3 7 8 3
l3-0b62 mem-11 1 3 7 8 3
l2-62 l3-0b0 1 3 7 0 0
l2-62 l3-0b1 1 3 7 1 0
l2-62 l3-0b2 1 3 7 2 0
l2-62 l3-0b3 1 3 7 3 0
l2-62 l3-0b4 1 3 7 4 0
l2-62 l3-0b5 1 3 7 5 0
l2-62 l3-0b6 1 3 7 6 0
l2-62 l3-0b7 1 3 7 7 0
l2-62 l3-0b8 1 3 7 8 0
l2-62 l3-0b9 1 3 7 1 1
l2-62 l3-0b10 1 3 7 2 1
l2-62 l3-0b11 1 3 7 3 1
l2-62 l3-0b12 1 3 7 4 1
l2-62 l3-0b13 1 3 7 5 1
l2-62 l3-0b14 1 3 7 6 1
l2-62 l3-0b15 1 3 7 7 1
l2-62 l3-0b16 1 3 7 0 2
l2-62 l3-0b17 1 3 7 1 2
l2-62 l3-0b18 1 3 7 2 2
l2-62 l3-0b19 1 3 7 3 2
l2-62 l3-0b20 1 3 7 4 2
l2-62 l3-0b21 1 3 7 5 2
l2-62 l3-0b22 1 3 7 6 2
l2-62 l3-0b23 1 3 7 7 2
l2-62 l3-0b24 1 3 7 8 2
l2-62 l3-0b25 1 3 7 0 3
l2-62 l3-0b26 1 3 7 1 3
l2-62 l3-0b27 1 3 7 2 3
l2-62 l3-0b28 1 3 7 3 3
l2-62 l3-0b29 1 3 7 4 3
l2-62 l3-0b30 1 3 7 5 3
l2-62 l3-0b31 1 3 7 6 3
l2-62 l3-0b32 1 3 7 7 3
l2-62 l3-0b33 1 3 7 1 4
l2-62 l3-0b34 1 3 7 2 4
l2-62 l3-0b35 1 3 7 3 4
l2-62 l3-0b36 1 3 7 4 4
l2-62 l3-0b37 1 3 7 5 4
l2-62 l3-0b38 1 3 7 6 4
l2-62 l3-0b39 1 3 7 7 4
l2-62 l3-0b40 1 3 7 8 4
l2-62 l3-0b41 1 3 7 0 5
l2-62 l3-0b42 1 3 7 1 5
l2-62 l3-0b43 1 3 7 2 5
l2-62 l3-0b44 1 3 7 3 5
l2-62 l3-0b45 1 3 7 4 5
l2-62 l3-0b46 1 3 7 5 5
l2-62 l3-0b47 1 3 7 6 5
l2-62 l3-0b48 1 3 7 7 5
l2-62 l3-0b49 1 3 7 8 5
l2-62 l3-0b50 1 3 7 0 6
l2-62 l3-0b51 1 3 7 1 6
l2-62 l3-0b52 1 3 7 2 6
l2-62 l3-0b53 1 3 7 3 6
l2-62 l3-0b54 1 3 7 4 6
l2-62 l3-0b55 1 3 7 5 6
l2-62 l3-0b56 1 3 7 6 6
l2-62 l3-0b57 1 3 7 7 6
l2-62 l3-0b58 1 3 7 8 6
l2-62 l3-0b59 1 3 7 0 7
l2-62 l3-0b60 1 3 7 1 7
l2-62 l3-0b61 1 3 7 2 7
l2-62 l3-0b62 1 3 7 3 7
l2-62 l3-0b63 1 3 7 4 7
l1i-63 l2-63 0 0
l1d-63 l2-63 0 0
l1d-63 l2prefetcher-63 0 0
l2prefetcher-63 l2-63 0 0
l3-0b63 mem-0 1 4 7 0 1
l3-0b63 mem-1 1 4 7 0 1
l3-0b63 mem-2 1 4 7 0 8
l3-0b63 mem-3 1 4 7 0 8
l3-0b63 mem-4 1 4 7 8 1
l3-0b63 mem-5 1 4 7 8 1
l3-0b63 mem-6 1 4 7 8 7
l3-0b63 mem-7 1 4 7 8 7
l3-0b63 mem-8 1 4 7 0 4
l3-0b63 mem-9 1 4 7 0 4
l3-0b63 mem-10 1 4 7 8 3
l3-0b63 mem-11 1 4 7 8 3
l2-63 l3-0b0 1 4 7 0 0
l2-63 l3-0b1 1 4 7 1 0
l2-63 l3-0b2 1 4 7 2 0
l2-63 l3-0b3 1 4 7 3 0
l2-63 l3-0b4 1 4 7 4 0
l2-63 l3-0b5 1 4 7 5 0
l2-63 l3-0b6 1 4 7 6 0
l2-63 l3-0b7 1 4 7 7 0
l2-63 l3-0b8 1 4 7 8 0
l2-63 l3-0b9 1 4 7 1 1
l2-63 l3-0b10 1 4 7 2 1
l2-63 l3-0b11 1 4 7 3 1
l2-63 l3-0b12 1 4 7 4 1
l2-63 l3-0b13 1 4 7 5 1
l2-63 l3-0b14 1 4 7 6 1
l2-63 l3-0b15 1 4 7 7 1
l2-63 l3-0b16 1 4 7 0 2
l2-63 l3-0b17 1 4 7 1 2
l2-63 l3-0b18 1 4 7 2 2
l2-63 l3-0b19 1 4 7 3 2
l2-63 l3-0b20 1 4 7 4 2
l2-63 l3-0b21 1 4 7 5 2
l2-63 l3-0b22 1 4 7 6 2
l2-63 l3-0b23 1 4 7 7 2
l2-63 l3-0b24 1 4 7 8 2
l2-63 l3-0b25 1 4 7 0 3
l2-63 l3-0b26 1 4 7 1 3
l2-63 l3-0b27 1 4 7 2 3
l2-63 l3-0b28 1 4 7 3 3
l2-63 l3-0b29 1 4 7 4 3
l2-63 l3-0b30 1 4 7 5 3
l2-63 l3-0b31 1 4 7 6 3
l2-63 l3-0b32 1 4 7 7 3
l2-63 l3-0b33 1 4 7 1 4
l2-63 l3-0b34 1 4 7 2 4
l2-63 l3-0b35 1 4 7 3 4
l2-63 l3-0b36 1 4 7 4 4
l2-63 l3-0b37 1 4 7 5 4
l2-63 l3-0b38 1 4 7 6 4
l2-63 l3-0b39 1 4 7 7 4
l2-63 l3-0b40 1 4 7 8 4
l2-63 l3-0b41 1 4 7 0 5
l2-63 l3-0b42 1 4 7 1 5
l2-63 l3-0b43 1 4 7 2 5
l2-63 l3-0b44 1 4 7 3 5
l2-63 l3-0b45 1 4 7 4 5
l2-63 l3-0b46 1 4 7 5 5
l2-63 l3-0b47 1 4 7 6 5
l2-63 l3-0b48 1 4 7 7 5
l2-63 l3-0b49 1 4 7 8 5
l2-63 l3-0b50 1 4 7 0 6
l2-63 l3-0b51 1 4 7 1 6
l2-63 l3-0b52 1 4 7 2 6
l2-63 l3-0b53 1 4 7 3 6
l2-63 l3-0b54 1 4 7 4 6
l2-63 l3-0b55 1 4 7 5 6
l2-63 l3-0b56 1 4 7 6 6
l2-63 l3-0b57 1 4 7 7 6
l2-63 l3-0b58 1 4 7 8 6
l2-63 l3-0b59 1 4 7 0 7
l2-63 l3-0b60 1 4 7 1 7
l2-63 l3-0b61 1 4 7 2 7
l2-63 l3-0b62 1 4 7 3 7
l2-63 l3-0b63 1 4 7 4 7
